Property_ID,Address,Value_2023,Link,area_1,area,imp1,imp2,imp3,imp4,imp5,imp6,imp7,imp8,imp9,imp10,Fireplace,Garage,Fireplace_adj,Garage_adj,OpenPorch,Deck,Patio,OpenPorch_adj,Deck_adj,Patio_adj,size_adj,app_value
R334385,"1504 EDELWEISS DR, CEDAR PARK, TX  78613",511057,https://search.wcad.org/Property-Detail/PropertyQuickRefID/R334385,2714,"2,714 Sq. Ft","1 Main Area 1994 1,238 N/A Details","2 Second Floor 1994 1,476 N/A Details",3 Garage 1994 420 N/A Details,4 Open Porch 1994 20 N/A Details,5 Fireplace 1994 1 N/A,-,-,-,-,-,1.0,420.0,0.0,1226.61,20.0,0.0,0.0,1399.6399999999999,27841.8,0.0,-1200,540325.05
R335121,"1701 TODD LN, CEDAR PARK, TX  78613",516423,https://search.wcad.org/Property-Detail/PropertyQuickRefID/R335121,2688,"2,688 Sq. Ft","1 Main Area 1998 1,148 N/A Details","2 Second Floor 1998 1,540 N/A Details",3 Garage 1998 380 N/A Details,4 Open Porch 1998 12 N/A Details,5 Patio 1998 100 N/A Details,6 Fireplace 1998 1 N/A Details,-,-,-,-,1.0,380.0,0.0,2005.4099999999999,12.0,0.0,100.0,1654.12,27841.8,-3475.0,750,545199.33
R335166,"2214 SHARON DR, CEDAR PARK, TX  78613",570090,https://search.wcad.org/Property-Detail/PropertyQuickRefID/R335166,2692,"2,692 Sq. Ft","1 Main Area 1994 2,692 N/A Details",2 Garage 1994 420 N/A Details,3 Open Porch 1994 18 N/A Details,4 Deck 1994 352 N/A Details,5 Fireplace 1994 1 N/A,-,-,-,-,-,1.0,420.0,0.0,1226.61,18.0,352.0,0.0,1463.26,11174.6,0.0,450,584404.47
R341273,"1503 AUTUMN FIRE CV, AUSTIN, TX  78613",504102,https://search.wcad.org/Property-Detail/PropertyQuickRefID/R341273,2696,"2,696 Sq. Ft","1 Main Area 1997 1,336 N/A Details","2 Second Floor 1997 1,360 N/A Details",3 Garage 1997 399 N/A Details,4 Open Porch 1997 128 N/A Details,-,-,-,-,-,-,0.0,399.0,12354.0,1635.48,128.0,0.0,0.0,-2035.84,27841.8,0.0,150,544047.44
R341295,"1718 STAR LIGHT CIR, CEDAR PARK, TX  78613",570431,https://search.wcad.org/Property-Detail/PropertyQuickRefID/R341295,2698,"2,698 Sq. Ft","1 Main Area 1996 1,591 N/A Details","2 Second Floor 1996 1,107 N/A Details",3 Garage 1996 483 N/A Details,4 Open Porch 1996 64 N/A Details,5 Fireplace 1996 1 N/A Details,6 Patio 2007 317 N/A Details,-,-,-,-,1.0,483.0,0.0,0.0,64.0,0.0,317.0,0.0,27841.8,-11015.75,0,587257.05
R341337,"1743 STAR LIGHT CIR, CEDAR PARK, TX  78613",542653,https://search.wcad.org/Property-Detail/PropertyQuickRefID/R341337,2698,"2,698 Sq. Ft","1 Main Area 1996 1,591 N/A Details","2 Second Floor 1996 1,107 N/A Details",3 Garage 1996 483 N/A Details,4 Open Porch 1996 64 N/A Details,5 Fireplace 1996 1 N/A Details,6 Deck 2022 588 N/A,-,-,-,-,1.0,483.0,0.0,0.0,64.0,588.0,0.0,0.0,0.0,0.0,0,542653.0
R341713,"1806 AUTUMN FIRE DR, CEDAR PARK, TX  78613",514406,https://search.wcad.org/Property-Detail/PropertyQuickRefID/R341713,2702,"2,702 Sq. Ft","1 Main Area 1996 1,687 N/A Details","2 Second Floor 1996 1,015 N/A Details",3 Garage 1996 451 N/A Details,4 Open Porch 1996 58 N/A Details,5 Fireplace 1996 1 N/A Details,-,-,-,-,-,1.0,451.0,0.0,623.04,58.0,0.0,0.0,190.85999999999999,27841.8,0.0,-300,542761.7
R341760,"1700 BOW RIDGE DR, CEDAR PARK, TX  78613",517163,https://search.wcad.org/Property-Detail/PropertyQuickRefID/R341760,2679,"2,679 Sq. Ft","1 Main Area 1997 1,811 N/A Details",2 Second Floor 1997 868 N/A Details,3 Garage 1997 444 N/A Details,4 Open Porch 1997 57 N/A Details,5 Patio 1997 100 N/A Details,6 Fireplace 1997 1 N/A,-,-,-,-,1.0,444.0,0.0,759.3299999999999,57.0,0.0,100.0,222.67,27841.8,-3475.0,1425,543936.8
R359747,"1709 DEL NORTE CV, CEDAR PARK, TX  78613",495794,https://search.wcad.org/Property-Detail/PropertyQuickRefID/R359747,2681,"2,681 Sq. Ft","1 Main Area 2001 1,127 N/A Details","2 Second Floor 2001 1,554 N/A Details",3 Garage 2001 399 N/A Details,4 Open Porch 2001 28 N/A Details,5 Patio 2001 64 N/A Details,6 Fireplace 2001 1 N/A Details,-,-,-,-,1.0,399.0,0.0,1635.48,28.0,0.0,64.0,1145.1599999999999,27841.8,-2224.0,1275,525467.44
R359812,"1701 BARRILLA ST, CEDAR PARK, TX  78613",479314,https://search.wcad.org/Property-Detail/PropertyQuickRefID/R359812,2688,"2,688 Sq. Ft","1 Main Area 2002 1,150 N/A Details","2 Second Floor 2002 1,538 N/A Details",3 Garage 2002 361 N/A Details,4 Open Porch 2002 82 N/A Details,5 Patio 2002 18 N/A Details,-,-,-,-,-,0.0,361.0,12354.0,2375.3399999999997,82.0,0.0,18.0,-572.5799999999999,27841.8,-625.5,750,521437.06
R360122,"2406 SHARON DR, CEDAR PARK, TX  78613",512685,https://search.wcad.org/Property-Detail/PropertyQuickRefID/R360122,2680,"2,680 Sq. Ft","1 Main Area 1997 2,680 N/A Details",2 Garage 1997 440 N/A Details,3 Open Porch 1997 30 N/A Details,4 Deck 1997 202 N/A Details,5 Fireplace 1997 1 N/A,-,-,-,-,-,1.0,440.0,0.0,837.2099999999999,30.0,202.0,0.0,1081.54,18277.100000000002,0.0,1350,534230.85
R364125,"2306 SANDRA DR, CEDAR PARK, TX  78613",524647,https://search.wcad.org/Property-Detail/PropertyQuickRefID/R364125,2701,"2,701 Sq. Ft","1 Main Area 1999 2,701 N/A Details",2 Garage 1999 420 N/A Details,3 Open Porch 1999 18 N/A Details,4 Patio 1999 245 N/A Details,5 Fireplace 1999 1,-,-,-,-,-,1.0,420.0,0.0,1226.61,18.0,0.0,245.0,1463.26,27841.8,-8513.75,-225,546439.92
R378426,"1105 VAN HORN WAY, CEDAR PARK, TX  78613",491576,https://search.wcad.org/Property-Detail/PropertyQuickRefID/R378426,2688,"2,688 Sq. Ft","1 Main Area 2000 1,150 N/A Details","2 Second Floor 2000 1,538 N/A Details",3 Garage 2000 366 N/A Details,4 Open Porch 2000 82 N/A Details,5 Fireplace 2000 1 N/A,-,-,-,-,-,1.0,366.0,0.0,2277.99,82.0,0.0,0.0,-572.5799999999999,27841.8,0.0,750,521873.21
R334406,"1505 EDELWEISS DR, CEDAR PARK, TX  78613",483355,https://search.wcad.org/Property-Detail/PropertyQuickRefID/R334406,2652,"2,652 Sq. Ft","1 Main Area 1998 1,156 N/A Details","2 Second Floor 1998 1,496 N/A Details",3 Garage 1998 380 N/A Details,4 Open Porch 1998 28 N/A Details,5	Patio	1998	245	N/A,-,-,-,-,-,0.0,380.0,12354.0,2005.4099999999999,28.0,0.0,245.0,1145.1599999999999,27841.8,-8513.75,3450,521637.62
R334435,"1607 AZALEA DR, CEDAR PARK, TX  78613",498171,https://search.wcad.org/Property-Detail/PropertyQuickRefID/R334435,2601,"2,601 Sq. Ft","1 Main Area 1997 1,145 N/A Details","2 Second Floor 1997 1,456 N/A Details",3 Garage 1997 366 N/A Details,4 Open Porch 1997 32 N/A Details,5 Patio 1997 100 N/A Details,6 Fireplace 1997 1 N/A Details,-,-,-,-,1.0,366.0,0.0,2277.99,32.0,0.0,100.0,1017.92,27841.8,-3475.0,7275,533108.71
R334437,"1609 AZALEA DR, CEDAR PARK, TX  78613",483633,https://search.wcad.org/Property-Detail/PropertyQuickRefID/R334437,2626,"2,626 Sq. Ft","1 Main Area 1995 1,181 N/A Details","2 Second Floor 1995 1,445 N/A Details",3 Garage 1995 420 N/A Details,4 Open Porch 1995 40 N/A Details,5 Patio 1995 28 N/A Details,6 Fireplace 1995 1 N/A Details,-,-,-,-,1.0,420.0,0.0,1226.61,40.0,0.0,28.0,763.4399999999999,27841.8,-973.0,5400,517891.85
R335110,"1811 TODD LN, CEDAR PARK, TX  78613",517804,https://search.wcad.org/Property-Detail/PropertyQuickRefID/R335110,2598,"2,598 Sq. Ft","1 Main Area 1995 2,598 N/A Details",2 Garage 1995 480 N/A Details,3 Open Porch 1995 40 N/A Details,4 Patio 1995 100 N/A Details,5 Fireplace 1995 1 N/A Details,-,-,-,-,-,1.0,480.0,0.0,58.41,40.0,0.0,100.0,763.4399999999999,27841.8,-3475.0,7500,550492.65
R335118,"1707 TODD LN, CEDAR PARK, TX  78613",521106,https://search.wcad.org/Property-Detail/PropertyQuickRefID/R335118,2792,"2,792 Sq. Ft","1 Main Area 1999 1,185 N/A Details","2 Second Floor 1999 1,607 N/A Details",3 Garage 1999 400 N/A Details,4 Open Porch 1999 20 N/A Details,5 Fireplace 1999 1 N/A,-,-,-,-,-,1.0,400.0,0.0,1616.01,20.0,0.0,0.0,1399.6399999999999,27841.8,0.0,-7050,544913.45
R335134,"1701 TRACY MILLER LN, CEDAR PARK, TX  78613",505775,https://search.wcad.org/Property-Detail/PropertyQuickRefID/R335134,2652,"2,652 Sq. Ft","1 Main Area 1996 2,652 N/A Details",2 Garage 1996 399 N/A Details,3 Open Porch 1996 135 N/A Details,4 Patio 1996 350 N/A Details,5 Fireplace 1996 1 N/A,-,-,-,-,-,1.0,399.0,0.0,1635.48,135.0,0.0,350.0,-2258.5099999999998,27841.8,-12162.5,3450,524281.27
R335153,"1606 SHARON PL, CEDAR PARK, TX  78613",516149,https://search.wcad.org/Property-Detail/PropertyQuickRefID/R335153,2734,"2,734 Sq. Ft","1 Main Area 1994 2,734 N/A Details",2 Garage 1994 420 N/A Details,3 Open Porch 1994 12 N/A Details,4 Patio 1994 392 N/A Details,5 Fireplace 1994 1 N/A Details,-,-,-,-,-,1.0,420.0,0.0,1226.61,12.0,0.0,392.0,1654.12,27841.8,-13622.0,-2700,530549.53
R335162,"1611 SHARON PL, CEDAR PARK, TX  78613",529720,https://search.wcad.org/Property-Detail/PropertyQuickRefID/R335162,2798,"2,798 Sq. Ft","1 Main Area 1994 2,798 N/A Details",2 Garage 1994 420 N/A Details,3 Open Porch 1994 30 N/A Details,4 Patio 1994 110 N/A Details,5 Fireplace 1994 1 N/A Details,-,-,-,-,-,1.0,420.0,0.0,1226.61,30.0,0.0,110.0,1081.54,27841.8,-3822.5,-7500,548547.45
R335170,"2206 SHARON DR, CEDAR PARK, TX  78613",493623,https://search.wcad.org/Property-Detail/PropertyQuickRefID/R335170,2635,"2,635 Sq. Ft","1 Main Area 1994 2,635 N/A Details",2 Garage 1994 420 N/A Details,3 Open Porch 1994 15 N/A Details,4 Patio 1994 172 N/A Details,5 Fireplace 1994 1 N/A Details,-,-,-,-,-,1.0,420.0,0.0,1226.61,15.0,0.0,172.0,1558.6899999999998,27841.8,-5977.0,4725,522998.1
R335172,"2202 SHARON DR, CEDAR PARK, TX  78613",491626,https://search.wcad.org/Property-Detail/PropertyQuickRefID/R335172,2610,"2,610 Sq. Ft","1 Main Area 1994 2,610 N/A Details",2 Garage 1994 440 N/A Details,3 Open Porch 1994 30 N/A Details,4 Patio 1994 100 N/A Details,5 Fireplace 1994 1 N/A,-,-,-,-,-,1.0,440.0,0.0,837.2099999999999,30.0,0.0,100.0,1081.54,27841.8,-3475.0,6600,524511.55
R335176,"1710 TRACY MILLER LN, CEDAR PARK, TX  78613",517266,https://search.wcad.org/Property-Detail/PropertyQuickRefID/R335176,2726,"2,726 Sq. Ft","1 Main Area 1996 2,726 N/A Details",2 Garage 1996 420 N/A Details,3 Open Porch 1996 28 N/A Details,4 Patio 1996 74 N/A Details,5 Fireplace 1996 1 N/A Details,-,-,-,-,-,1.0,420.0,0.0,1226.61,28.0,0.0,74.0,1145.1599999999999,27841.8,-2571.5,-2100,542808.07
R335184,"2303 SHARON DR, CEDAR PARK, TX  78613",495864,https://search.wcad.org/Property-Detail/PropertyQuickRefID/R335184,2670,"2,670 Sq. Ft","1 Main Area 1996 2,670 N/A Details",2 Garage 1996 420 N/A Details,3 Open Porch 1996 38 N/A Details,4 Patio 1996 170 N/A Details,5 Fireplace 1996 1 N/A Details,-,-,-,-,-,1.0,420.0,0.0,1226.61,38.0,0.0,170.0,827.06,27841.8,-5907.5,2100,521951.97
R340320,"1612 EAGLE WING DR, CEDAR PARK, TX  78613",530076,https://search.wcad.org/Property-Detail/PropertyQuickRefID/R340320,2788,"2,788 Sq. Ft","1 Main Area 1998 1,185 N/A Details","2 Second Floor 1998 1,603 N/A Details",3 Garage 1998 418 N/A Details,4 Open Porch 1998 30 N/A Details,5 Fireplace 1998 1 N/A Details,-,-,-,-,-,1.0,418.0,0.0,1265.55,30.0,0.0,0.0,1081.54,27841.8,0.0,-6750,553514.89
R340390,"2022 SIMBRAH DR, CEDAR PARK, TX  78613",496744,https://search.wcad.org/Property-Detail/PropertyQuickRefID/R340390,2620,"2,620 Sq. Ft","1 Main Area 1998 1,120 N/A Details","2 Second Floor 1998 1,500 N/A Details",3 Garage 1998 420 N/A Details,4 Open Porch 1998 44 N/A Details,5 Patio 1998 100 N/A Details,6 Fireplace 1998 1 N/A Details,-,-,-,-,1.0,420.0,0.0,1226.61,44.0,0.0,100.0,636.1999999999999,27841.8,-3475.0,5850,528823.61
R340391,"2020 SIMBRAH DR, CEDAR PARK, TX  78613",494560,https://search.wcad.org/Property-Detail/PropertyQuickRefID/R340391,2660,"2,660 Sq. Ft","1 Main Area 1995 2,660 N/A Details",2 Garage 1995 380 N/A Details,3 Open Porch 1995 38 N/A Details,4 Patio 1995 110 N/A Details,5 Fireplace 1995 1 N/A Details,-,-,-,-,-,1.0,380.0,0.0,2005.4099999999999,38.0,0.0,110.0,827.06,27841.8,-3822.5,2850,524261.77
R340415,"2205 BENT BOW DR, CEDAR PARK, TX  78613",492091,https://search.wcad.org/Property-Detail/PropertyQuickRefID/R340415,2645,"2,645 Sq. Ft","1 Main Area 1995 2,645 N/A Details",2 Garage 1995 400 N/A Details,3 Open Porch 1995 33 N/A Details,4 Patio 1995 110 N/A Details,5 Deck 1995 148 N/A Details,6 Fireplace 1995 1 N/A Details,-,-,-,-,1.0,400.0,0.0,1616.01,33.0,148.0,110.0,986.11,20834.0,-3822.5,3975,515679.62
R340430,"2209 BENT BOW DR, CEDAR PARK, TX  78613",503235,https://search.wcad.org/Property-Detail/PropertyQuickRefID/R340430,2624,"2,624 Sq. Ft","1 Main Area 1996 1,114 N/A Details","2 Second Floor 1996 1,510 N/A Details",3 Garage 1996 456 N/A Details,4 Open Porch 1996 164 N/A Details,5 Patio 1996 64 N/A Details,6 Fireplace 1996 1 N/A Details,-,-,-,-,1.0,456.0,0.0,525.6899999999999,164.0,0.0,64.0,-3181.0,27841.8,-2224.0,5550,531747.49
R341268,"1502 AUTUMN FIRE CV, CEDAR PARK, TX  78613",491381,https://search.wcad.org/Property-Detail/PropertyQuickRefID/R341268,2630,"2,630 Sq. Ft","1 Main Area 1995 2,630 N/A Details",2 Garage 1995 420 N/A Details,3 Open Porch 1995 35 N/A Details,4 Patio 1995 100 N/A Details,5 Fireplace 1995 1 N/A Details,-,-,-,-,-,1.0,420.0,0.0,1226.61,35.0,0.0,100.0,922.49,27841.8,-3475.0,5100,522996.9
R341321,"1707 STAR LIGHT CIR, CEDAR PARK, TX  78613",541896,https://search.wcad.org/Property-Detail/PropertyQuickRefID/R341321,2781,"2,781 Sq. Ft","1 Main Area 1998 1,636 N/A Details","2 Second Floor 1998 1,145 N/A Details",3 Garage 1998 693 N/A Details,4 Open Porch 1998 24 N/A Details,5 Patio 1998 100 N/A Details,6 Fireplace 1998 1 N/A Details,-,-,-,-,1.0,693.0,0.0,-4088.7,24.0,0.0,100.0,1272.3999999999999,27841.8,-3475.0,-6225,557221.5
R341718,"1801 FEATHER NEST DR, CEDAR PARK, TX  78613",502528,https://search.wcad.org/Property-Detail/PropertyQuickRefID/R341718,2632,"2,632 Sq. Ft","1 Main Area 1996 1,732 N/A Details",2 Second Floor 1996 900 N/A Details,3 Garage 1996 420 N/A Details,4 Open Porch 1996 66 N/A Details,5 Patio 1996 100 N/A Details,6 Fireplace 1996 1 N/A Details,-,-,-,-,1.0,420.0,0.0,1226.61,66.0,0.0,100.0,-63.62,27841.8,-3475.0,4950,533007.79
R341723,"1811 FEATHER NEST DR, CEDAR PARK, TX  78613",543612,https://search.wcad.org/Property-Detail/PropertyQuickRefID/R341723,2770,"2,770 Sq. Ft","1 Main Area 1997 1,796 N/A Details",2 Second Floor 1997 974 N/A Details,3 Garage 1997 420 N/A Details,4 Open Porch 1997 44 N/A Details,5 Fireplace 1997 1 N/A Details,6 Deck 1997 200 N/A Details,-,-,-,-,1.0,420.0,0.0,1226.61,44.0,200.0,0.0,636.1999999999999,18371.8,0.0,-5400,558446.61
R341731,"1820 FEATHER NEST DR, CEDAR PARK, TX  78613",531403,https://search.wcad.org/Property-Detail/PropertyQuickRefID/R341731,2770,"2,770 Sq. Ft","1 Main Area 1997 1,796 N/A Details",2 Second Floor 1997 974 N/A Details,3 Garage 1997 420 N/A Details,4 Open Porch 1997 44 N/A Details,5 Patio 1997 100 N/A Details,6 Fireplace 1997 1 N/A Details,-,-,-,-,1.0,420.0,0.0,1226.61,44.0,0.0,100.0,636.1999999999999,27841.8,-3475.0,-5400,552232.61
R341753,"1714 BOW RIDGE DR, CEDAR PARK, TX  78613",518834,https://search.wcad.org/Property-Detail/PropertyQuickRefID/R341753,2745,"2,745 Sq. Ft","1 Main Area 1995 2,745 N/A Details",2 Garage 1995 420 N/A Details,3 Open Porch 1995 42 N/A Details,4 Patio 1995 100 N/A Details,5 Fireplace 1995 1 N/A Details,-,-,-,-,-,1.0,420.0,0.0,1226.61,42.0,0.0,100.0,699.8199999999999,27841.8,-3475.0,-3525,541602.23
R359759,"1707 CHINATI CT, CEDAR PARK, TX  78613",492028,https://search.wcad.org/Property-Detail/PropertyQuickRefID/R359759,2656,"2,656 Sq. Ft","1 Main Area 1998 1,164 N/A Details","2 Second Floor 1998 1,492 N/A Details",3 Garage 1998 368 N/A Details,4 Open Porch 1998 158 N/A Details,5 Patio 1998 18 N/A Details,6 Fireplace 1998 1 N/A Details,-,-,-,-,1.0,368.0,0.0,2239.0499999999997,158.0,0.0,18.0,-2990.14,27841.8,-625.5,3150,521643.21
R359760,"1709 CHINATI CT, CEDAR PARK, TX  78613",528520,https://search.wcad.org/Property-Detail/PropertyQuickRefID/R359760,2772,"2,772 Sq. Ft","1 Main Area 1998 1,202 N/A Details","2 Second Floor 1998 1,570 N/A Details",3 Garage 1998 368 N/A Details,4 Open Porch 1998 24 N/A Details,5 Patio 1998 24 N/A Details,6 Fireplace 1998 1 N/A Details,-,-,-,-,1.0,368.0,0.0,2239.0499999999997,24.0,0.0,24.0,1272.3999999999999,27841.8,-834.0,-5550,553489.25
R359778,"1302 CHALK LN, CEDAR PARK, TX  78613",523489,https://search.wcad.org/Property-Detail/PropertyQuickRefID/R359778,2731,"2,731 Sq. Ft","1 Main Area 1999 1,180 N/A Details","2 Second Floor 1999 1,551 N/A Details",3 Garage 1999 399 N/A Details,4 Open Porch 1999 20 N/A Details,5 Fireplace 1999 1 N/A Details,-,-,-,-,-,1.0,399.0,0.0,1635.48,20.0,0.0,0.0,1399.6399999999999,27841.8,0.0,-2475,551890.92
R359783,"1405 CHALK LN, CEDAR PARK, TX  78613",524517,https://search.wcad.org/Property-Detail/PropertyQuickRefID/R359783,2739,"2,739 Sq. Ft","1 Main Area 1997 2,739 N/A Details",2 Garage 1997 463 N/A Details,3 Open Porch 1997 100 N/A Details,4 Patio 1997 9 N/A Details,5 Patio 1997 180 N/A Details,6 Fireplace 1997 1 N/A Details,-,-,-,-,1.0,463.0,0.0,389.4,100.0,0.0,189.0,-1145.1599999999999,27841.8,-6567.75,-3075,541960.29
R359796,"1703 CHALK CV, CEDAR PARK, TX  78613",488090,https://search.wcad.org/Property-Detail/PropertyQuickRefID/R359796,2651,"2,651 Sq. Ft","1 Main Area 1998 1,152 N/A Details","2 Second Floor 1998 1,499 N/A Details",3 Garage 1998 387 N/A Details,4 Open Porch 1998 28 N/A Details,5 Patio 1998 24 N/A Details,6 Fireplace 1998 1 N/A Details,-,-,-,-,1.0,387.0,0.0,1869.12,28.0,0.0,24.0,1145.1599999999999,27841.8,-834.0,3525,521637.08
R359824,"1435 JENNA LN, CEDAR PARK, TX  78613",506384,https://search.wcad.org/Property-Detail/PropertyQuickRefID/R359824,2633,"2,633 Sq. Ft","1 Main Area 1999 1,097 N/A Details","2 Second Floor 1999 1,536 N/A Details",3 Garage 1999 399 N/A Details,4 Open Porch 1999 158 N/A Details,5 Patio 1999 100 N/A Details,6 Fireplace 1999 1 N/A Details,-,-,-,-,1.0,399.0,0.0,1635.48,158.0,0.0,100.0,-2990.14,27841.8,-3475.0,4875,534271.14
R359846,"1808 ECLIPSE CV, CEDAR PARK, TX  78613",514376,https://search.wcad.org/Property-Detail/PropertyQuickRefID/R359846,2671,"2,671 Sq. Ft","1 Main Area 1996 1,708 N/A Details",2 Second Floor 1996 963 N/A Details,3 Garage 1996 420 N/A Details,4 Open Porch 1996 42 N/A Details,5 Patio 1996 100 N/A Details,6 Fireplace 1996 1 N/A Details,-,-,-,-,1.0,420.0,0.0,1226.61,42.0,0.0,100.0,699.8199999999999,27841.8,-3475.0,2025,542694.23
R359888,"1807 ECLIPSE CV, CEDAR PARK, TX  78613",490197,https://search.wcad.org/Property-Detail/PropertyQuickRefID/R359888,2632,"2,632 Sq. Ft","1 Main Area 1998 1,376 N/A Details","2 Second Floor 1998 1,256 N/A Details",3 Garage 1998 400 N/A Details,4 Open Porch 1998 48 N/A Details,5 Patio 1998 100 N/A Details,6 Fireplace 1998 1 N/A Details,-,-,-,-,1.0,400.0,0.0,1616.01,48.0,0.0,100.0,508.96,27841.8,-3475.0,4950,521638.77
R360102,"1706 CLAY LN, CEDAR PARK, TX  78613",539140,https://search.wcad.org/Property-Detail/PropertyQuickRefID/R360102,2789,"2,789 Sq. Ft","1 Main Area 1999 1,802 N/A Details",2 Second Floor 1999 987 N/A Details,3 Garage 1999 441 N/A Details,4 Open Porch 1999 26 N/A Details,5 Patio 1999 214 N/A Details,6 Fireplace 1999 1 N/A Details,-,-,-,-,1.0,441.0,0.0,817.74,26.0,0.0,214.0,1208.78,27841.8,-7436.5,-6825,554746.82
R360127,"2307 ELEANOR WAY, CEDAR PARK, TX  78613",509546,https://search.wcad.org/Property-Detail/PropertyQuickRefID/R360127,2619,"2,619 Sq. Ft","1 Main Area 1996 2,619 N/A Details",2 Garage 1996 418 N/A Details,3 Open Porch 1996 35 N/A Details,4 Patio 1996 110 N/A Details,5 Fireplace 1996 1 N/A Details,-,-,-,-,-,1.0,418.0,0.0,1265.55,35.0,0.0,110.0,922.49,27841.8,-3822.5,5925,541678.34
R364085,"2311 SANDRA DR, CEDAR PARK, TX  78613",523459,https://search.wcad.org/Property-Detail/PropertyQuickRefID/R364085,2648,"2,648 Sq. Ft","1 Main Area 1998 2,648 N/A Details",2 Garage 1998 440 N/A Details,3 Open Porch 1998 12 N/A Details,4 Patio 1998 388 N/A Details,5 Fireplace 1998 1 N/A Details,-,-,-,-,-,1.0,440.0,0.0,837.2099999999999,12.0,0.0,388.0,1654.12,27841.8,-13483.0,3750,544059.13
R364090,"2301 SANDRA DR, CEDAR PARK, TX  78613",537846,https://search.wcad.org/Property-Detail/PropertyQuickRefID/R364090,2764,"2,764 Sq. Ft","1 Main Area 1998 1,180 N/A Details","2 Second Floor 1998 1,584 N/A Details",3 Garage 1998 400 N/A Details,4 Open Porch 1998 16 N/A Details,5 Patio 1998 300 N/A Details,6 Fireplace 1998 1 N/A Details,-,-,-,-,1.0,400.0,0.0,1616.01,16.0,0.0,300.0,1526.8799999999999,27841.8,-10425.0,-4950,553455.69
R364099,"2203 SANDRA DR, CEDAR PARK, TX  78613",523323,https://search.wcad.org/Property-Detail/PropertyQuickRefID/R364099,2727,"2,727 Sq. Ft","1 Main Area 1998 1,181 N/A Details","2 Second Floor 1998 1,546 N/A Details",3 Garage 1998 399 N/A Details,4 Open Porch 1998 16 N/A Details,5 Patio 1998 254 N/A Details,6 Deck 1998 169 N/A Details,7 Fireplace 1998 1 N/A Details,-,-,-,1.0,399.0,0.0,1635.48,16.0,169.0,254.0,1526.8799999999999,19839.65,-8826.5,-2175,535323.51
R364120,"1800 SANDRA CV, CEDAR PARK, TX  78613",536714,https://search.wcad.org/Property-Detail/PropertyQuickRefID/R364120,2762,"2,762 Sq. Ft","1 Main Area 1999 1,155 N/A Details","2 Second Floor 1999 1,607 N/A Details",3 Garage 1999 432 N/A Details,4 Open Porch 1999 16 N/A Details,5 Patio 1999 218 N/A Details,6 Fireplace 1999 1 N/A Details,-,-,-,-,1.0,432.0,0.0,992.9699999999999,16.0,0.0,218.0,1526.8799999999999,27841.8,-7575.5,-4800,554700.15
R364122,"1804 SANDRA CV, CEDAR PARK, TX  78613",470439,https://search.wcad.org/Property-Detail/PropertyQuickRefID/R364122,2657,"2,657 Sq. Ft","1 Main Area 1997 2,657 N/A Details",2 Garage 1997 420 N/A Details,3 Open Porch 1997 18 N/A Details,4 Fireplace 1997 1 N/A,-,-,-,-,-,-,1.0,420.0,0.0,1226.61,18.0,0.0,0.0,1463.26,27841.8,0.0,3075,504045.67
R368157,"2002 CUPOLLA MOUNTAIN, CEDAR PARK, TX  78613",532932,https://search.wcad.org/Property-Detail/PropertyQuickRefID/R368157,2724,"2,724 Sq. Ft","1 Main Area 1998 1,370 N/A Details","2 Second Floor 1998 1,354 N/A Details",3 Garage 1998 420 N/A Details,4 Open Porch 1998 60 N/A Details,5 Patio 1998 240 N/A Details,6 Fireplace 1998 1 N/A Details,-,-,-,-,1.0,420.0,0.0,1226.61,60.0,0.0,240.0,127.24,27841.8,-8340.0,-1950,551837.65
R368161,"1906 CUPOLLA MOUNTAIN, CEDAR PARK, TX  78613",541517,https://search.wcad.org/Property-Detail/PropertyQuickRefID/R368161,2783,"2,783 Sq. Ft","1 Main Area 1999 1,183 N/A Details","2 Second Floor 1999 1,600 N/A Details",3 Garage 1999 620 N/A Details,4 Open Porch 1999 21 N/A Details,5 Patio 1999 200 N/A Details,6 Fireplace 1999 1 N/A Details,-,-,-,-,1.0,620.0,0.0,-2667.39,21.0,0.0,200.0,1367.83,27841.8,-6950.0,-6375,554734.24
R368165,"1210 DEL ROY DR, CEDAR PARK, TX  78613",526330,https://search.wcad.org/Property-Detail/PropertyQuickRefID/R368165,2724,"2,724 Sq. Ft","1 Main Area 1998 1,370 N/A Details","2 Second Floor 1998 1,354 N/A Details",3 Garage 1998 420 N/A Details,4 Open Porch 1998 60 N/A Details,5 Patio 1998 240 N/A Details,6 Fireplace 1998 1 N/A Details,-,-,-,-,1.0,420.0,0.0,1226.61,60.0,0.0,240.0,127.24,27841.8,-8340.0,-1950,545235.65
R368178,"2106 MACON DR, CEDAR PARK, TX  78613",540204,https://search.wcad.org/Property-Detail/PropertyQuickRefID/R368178,2798,"2,798 Sq. Ft","1 Main Area 1998 1,192 N/A Details","2 Second Floor 1998 1,606 N/A Details",3 Garage 1998 630 N/A Details,4 Open Porch 1998 18 N/A Details,5 Patio 1998 162 N/A Details,6 Fireplace 1998 1 N/A Details,-,-,-,-,1.0,630.0,0.0,-2862.0899999999997,18.0,0.0,162.0,1463.26,27841.8,-5629.5,-7500,553517.47
R368194,"1209 DEL ROY DR, CEDAR PARK, TX  78613",526071,https://search.wcad.org/Property-Detail/PropertyQuickRefID/R368194,2736,"2,736 Sq. Ft","1 Main Area 1999 1,374 N/A Details","2 Second Floor 1999 1,362 N/A Details",3 Garage 1999 415 N/A Details,4 Open Porch 1999 72 N/A Details,5 Patio 1999 162 N/A Details,6 Fireplace 1999 1 N/A Details,-,-,-,-,1.0,415.0,0.0,1323.96,72.0,0.0,162.0,-254.48,27841.8,-5629.5,-2850,546502.78
R372795,"1304 DEVIL RDG, CEDAR PARK, TX  78613",493894,https://search.wcad.org/Property-Detail/PropertyQuickRefID/R372795,2669,"2,669 Sq. Ft","1 Main Area 1999 1,135 N/A Details","2 Second Floor 1999 1,534 N/A Details",3 Garage 1999 399 N/A Details,4 Open Porch 1999 112 N/A Details,5 Patio 1999 300 N/A Details,6 Fireplace 1999 1 N/A,-,-,-,-,1.0,399.0,0.0,1635.48,112.0,0.0,300.0,-1526.8799999999999,27841.8,-10425.0,2175,513594.4
R378417,"1007 DUNCAN DR, CEDAR PARK, TX  78613",545442,https://search.wcad.org/Property-Detail/PropertyQuickRefID/R378417,2776,"2,776 Sq. Ft","1 Main Area 1999 1,191 N/A Details","2 Second Floor 1999 1,585 N/A Details",3 Garage 1999 588 N/A Details,4 Open Porch 1999 24 N/A Details,5 Fireplace 1999 1 N/A Details,6 Patio 1999 24 N/A Details,-,-,-,-,1.0,588.0,0.0,-2044.35,24.0,0.0,24.0,1272.3999999999999,27841.8,-834.0,-5850,565827.85
R378424,"1101 VAN HORN WAY, CEDAR PARK, TX  78613",543055,https://search.wcad.org/Property-Detail/PropertyQuickRefID/R378424,2787,"2,787 Sq. Ft","1 Main Area 2000 1,194 N/A Details","2 Second Floor 2000 1,593 N/A Details",3 Garage 2000 399 N/A Details,4 Open Porch 2000 16 N/A Details,5 Patio 2000 328 N/A Details,6 Fireplace 2000 1 N/A Details,-,-,-,-,1.0,399.0,0.0,1635.48,16.0,0.0,328.0,1526.8799999999999,27841.8,-11398.0,-6675,555986.16
R378439,"2010 RACHEL RIDGE, CEDAR PARK, TX  78613",502370,https://search.wcad.org/Property-Detail/PropertyQuickRefID/R378439,2617,"2,617 Sq. Ft","1 Main Area 1999 1,103 N/A Details","2 Second Floor 1999 1,514 N/A Details",3 Garage 1999 399 N/A Details,4 Open Porch 1999 92 N/A Details,5 Patio 1999 225 N/A Details,6 Fireplace 1999 1 N/A Details,-,-,-,-,1.0,399.0,0.0,1635.48,92.0,0.0,225.0,-890.68,27841.8,-7818.75,6075,529212.85
R378458,"2007 JASPER LN, CEDAR PARK, TX  78613",527795,https://search.wcad.org/Property-Detail/PropertyQuickRefID/R378458,2745,"2,745 Sq. Ft","1 Main Area 2000 1,173 N/A Details","2 Second Floor 2000 1,572 N/A Details",3 Garage 2000 399 N/A Details,4 Open Porch 2000 24 N/A Details,5 Patio 2000 18 N/A Details,6 Fireplace 2000 1 N/A Details,-,-,-,-,1.0,399.0,0.0,1635.48,24.0,0.0,18.0,1272.3999999999999,27841.8,-625.5,-3525,554394.18
R378460,"2003 JASPER LN, CEDAR PARK, TX  78613",531620,https://search.wcad.org/Property-Detail/PropertyQuickRefID/R378460,2783,"2,783 Sq. Ft","1 Main Area 2000 1,192 N/A Details","2 Second Floor 2000 1,591 N/A Details",3 Garage 2000 399 N/A Details,4 Open Porch 2000 24 N/A Details,5 Fireplace 2000 1 N/A Details,-,-,-,-,-,1.0,399.0,0.0,1635.48,24.0,0.0,0.0,1272.3999999999999,27841.8,0.0,-6375,555994.68
R383868,"1610 SOMERSET CANYON LN, CEDAR PARK, TX  78613",540235,https://search.wcad.org/Property-Detail/PropertyQuickRefID/R383868,2796,"2,796 Sq. Ft","1 Main Area 1999 1,254 N/A Details","2 Second Floor 1999 1,542 N/A Details",3 Garage 1999 395 N/A Details,4 Open Porch 1999 28 N/A Details,5 Patio 1999 254 N/A Details,6 Fireplace 1999 1 N/A,-,-,-,-,1.0,395.0,0.0,1713.36,28.0,0.0,254.0,1145.1599999999999,27841.8,-8826.5,-7350,554758.82
R383909,"2210 KERR TRL, CEDAR PARK, TX  78613",532179,https://search.wcad.org/Property-Detail/PropertyQuickRefID/R383909,2749,"2,749 Sq. Ft","1 Main Area 1999 1,632 N/A Details","2 Second Floor 1999 1,117 N/A Details",3 Garage 1999 441 N/A Details,4 Open Porch 1999 28 N/A Details,5 Patio 1999 100 N/A Details,6 Fireplace 1999 1 N/A Details,-,-,-,-,1.0,441.0,0.0,817.74,28.0,0.0,100.0,1145.1599999999999,27841.8,-3475.0,-3825,554683.7
R391821,"1116 DEL ROY DR, CEDAR PARK, TX  78613",478628,https://search.wcad.org/Property-Detail/PropertyQuickRefID/R391821,2637,"2,637 Sq. Ft","1 Main Area 2000 1,093 N/A Details","2 Second Floor 2000 1,544 N/A Details",3 Garage 2000 399 N/A Details,4 Open Porch 2000 92 N/A,-,-,-,-,-,-,0.0,399.0,12354.0,1635.48,92.0,0.0,0.0,-890.68,27841.8,0.0,4575,524143.6
R391824,"1110 DEL ROY DR, CEDAR PARK, TX  78613",523935,https://search.wcad.org/Property-Detail/PropertyQuickRefID/R391824,2784,"2,784 Sq. Ft","1 Main Area 2000 1,188 N/A Details","2 Second Floor 2000 1,596 N/A Details",3 Garage 2000 384 N/A Details,4 Open Porch 2000 24 N/A Details,5 Patio 2000 140 N/A Details,-,-,-,-,-,0.0,384.0,12354.0,1927.53,24.0,0.0,140.0,1272.3999999999999,27841.8,-4865.0,-6450,556015.73
R391826,"1106 DEL ROY DR, CEDAR PARK, TX  78613",527821,https://search.wcad.org/Property-Detail/PropertyQuickRefID/R391826,2756,"2,756 Sq. Ft","1 Main Area 2000 1,184 N/A Details","2 Second Floor 2000 1,572 N/A Details",3 Garage 2000 366 N/A Details,4 Open Porch 2000 77 N/A Details,5 Fireplace 2000 1 N/A Details,-,-,-,-,-,1.0,366.0,0.0,2277.99,77.0,0.0,0.0,-413.53,27841.8,0.0,-4350,553177.26
R391842,"1204 STILLWELL RIDGE, CEDAR PARK, TX  78613",512094,https://search.wcad.org/Property-Detail/PropertyQuickRefID/R391842,2724,"2,724 Sq. Ft","1 Main Area 2000 1,190 N/A Details","2 Second Floor 2000 1,534 N/A Details",3 Garage 2000 399 N/A Details,4 Open Porch 2000 32 N/A Details,5 Patio 2000 150 N/A Details,-,-,-,-,-,0.0,399.0,12354.0,1635.48,32.0,0.0,150.0,1017.92,27841.8,-5212.5,-1950,547780.7
R391855,"1105 STILLWELL RIDGE, CEDAR PARK, TX  78613",537591,https://search.wcad.org/Property-Detail/PropertyQuickRefID/R391855,2776,"2,776 Sq. Ft","1 Main Area 2000 1,196 N/A Details","2 Second Floor 2000 1,580 N/A Details",3 Garage 2000 368 N/A Details,4 Open Porch 2000 24 N/A Details,5 Fireplace 2000 1 N/A Details,6 Patio 2016 205 N/A Details,-,-,-,-,1.0,368.0,0.0,2239.0499999999997,24.0,0.0,205.0,1272.3999999999999,27841.8,-7123.75,-5850,555970.5
R391880,"2108 VAN HORN CV, CEDAR PARK, TX  78613",551438,https://search.wcad.org/Property-Detail/PropertyQuickRefID/R391880,2646,"2,646 Sq. Ft","1 Main Area 2000 1,151 N/A Details","2 Second Floor 2000 1,495 N/A Details",3 Garage 2000 399 N/A Details,4 Open Porch 2000 158 N/A,-,-,-,-,-,-,0.0,399.0,12354.0,1635.48,158.0,0.0,0.0,-2990.14,27841.8,0.0,3900,594179.14
R411184,"2217 LITTLE TREE BEND, CEDAR PARK, TX  78613",510722,https://search.wcad.org/Property-Detail/PropertyQuickRefID/R411184,2731,"2,731 Sq. Ft","1 Main Area 2002 1,168 N/A Details","2 Second Floor 2002 1,563 N/A Details",3 Garage 2002 399 N/A Details,4 Open Porch 2002 44 N/A,-,-,-,-,-,-,0.0,399.0,12354.0,1635.48,44.0,0.0,0.0,636.1999999999999,27841.8,0.0,-2475,550714.48
R411160,"2112 PENA BLANCA DR, CEDAR PARK, TX  78613",535859,https://search.wcad.org/Property-Detail/PropertyQuickRefID/R411160,2681,"2,681 Sq. Ft","1 Main Area 2001 1,145 N/A Details","2 Second Floor 2001 1,536 N/A Details",3 Garage 2001 366 N/A Details,4 Open Porch 2001 158 N/A Details,5 Enclosed Porch 2016 557 N/A Details,6 Fireplace 2001 1 N/A Details,7 Out Bldg 2015 224 N/A Details,-,-,-,1.0,366.0,0.0,2277.99,158.0,0.0,0.0,-2990.14,27841.8,0.0,1275,564263.65
R330787,"1600 IRIS LN, CEDAR PARK, TX  78613",506990,https://search.wcad.org/Property-Detail/PropertyQuickRefID/R330787,2661,"2,661 Sq. Ft","1 Main Area 1993 1,137 N/A Details","2 Second Floor 1993 1,244 N/A Details",3 Garage 1993 405 N/A Details,4 Open Porch 1993 36 N/A Details,5 Balcony 2009 280 N/A Details,6 Patio 2009 266 N/A Details,7 Main Area 2009 280 N/A Details,8 Fireplace 1993 1 N/A Details,-,-,1.0,405.0,0.0,1518.6599999999999,36.0,0.0,266.0,890.68,27841.8,-9243.5,2775,530772.64
R330794,"1705 EDELWEISS DR, CEDAR PARK, TX  78613",530616,https://search.wcad.org/Property-Detail/PropertyQuickRefID/R330794,2610,"2,610 Sq. Ft","1 Main Area 1993 1,179 N/A Details","2 Second Floor 1993 1,431 N/A Details",3 Garage 1993 399 N/A Details,4 Open Porch 1993 20 N/A Details,5 Fireplace 1993 1 N/A Details,6 Covered Patio 2015 344 N/A Details,-,-,-,-,1.0,399.0,0.0,1635.48,20.0,0.0,0.0,1399.6399999999999,27841.8,0.0,6600,568092.92
R330833,"1706 CORAL DR, CEDAR PARK, TX  78613",510457,https://search.wcad.org/Property-Detail/PropertyQuickRefID/R330833,2658,"2,658 Sq. Ft","1 Main Area 1994 1,195 N/A Details","2 Second Floor 1994 1,463 N/A Details",3 Garage 1994 420 N/A Details,4 Open Porch 1994 20 N/A Details,5 Fireplace 1994 1 N/A Details,6 Deck - 416 N/A Details,7 Deck - 176 N/A Details,8 Out Bldg - 120 N/A Details,-,-,1.0,420.0,0.0,1226.61,20.0,592.0,0.0,1399.6399999999999,-189.4,0.0,3000,515893.85
R330845,"1811 AZALEA DR, CEDAR PARK, TX  78613",203113,https://search.wcad.org/Property-Detail/PropertyQuickRefID/R330845,2624,"2,624 Sq. Ft","1 Main Area 1993 1,408 N/A Details","2 Second Floor 1993 1,216 N/A Details",3 Garage 1993 420 N/A Details,4 Open Porch 1993 28 N/A Details,5 Patio 1993 64 N/A Details,6 Fence Wood 1993 - N/A Details,-,-,-,-,0.0,420.0,12354.0,1226.61,28.0,0.0,64.0,1145.1599999999999,27841.8,-2224.0,5550,249006.57
R334426,"1506 AZALEA DR, CEDAR PARK, TX  78613",525518,https://search.wcad.org/Property-Detail/PropertyQuickRefID/R334426,2738,"2,738 Sq. Ft","1 Main Area 1998 1,170 N/A Details","2 Second Floor 1998 1,568 N/A Details",3 Garage 1998 380 N/A Details,4 Screen Porch 2010 214 N/A Details,5 Open Porch 1998 73 N/A Details,6 Fireplace 1998 1 N/A Details,-,-,-,-,1.0,380.0,0.0,2005.4099999999999,73.0,0.0,0.0,-286.28999999999996,27841.8,0.0,-3000,552078.92
R335099,"2203 SHARON DR, CEDAR PARK, TX  78613",547341,https://search.wcad.org/Property-Detail/PropertyQuickRefID/R335099,2626,"2,626 Sq. Ft","1 Main Area 1998 1,131 N/A Details","2 Second Floor 1998 1,495 N/A Details",3 Garage 1998 380 N/A Details,4 Open Porch 1998 16 N/A Details,5 Patio 1998 168 N/A Details,6 Concrete Pool 2007 497 N/A Details,7 Fireplace 1998 1 N/A Details,-,-,-,1.0,380.0,0.0,2005.4099999999999,16.0,0.0,168.0,1526.8799999999999,27841.8,-5838.0,5400,578277.09
R335106,"2101 SHARON DR, CEDAR PARK, TX  78613",518700,https://search.wcad.org/Property-Detail/PropertyQuickRefID/R335106,2727,"2,727 Sq. Ft","1 Main Area 1996 1,814 N/A Details",2 Second Floor 1996 913 N/A Details,3 Garage 1996 441 N/A Details,4 Open Porch 1996 37 N/A Details,5 Covered Patio 1996 406 N/A Details,6 Fireplace 1996 1 N/A Details,-,-,-,-,1.0,441.0,0.0,817.74,37.0,0.0,0.0,858.87,27841.8,0.0,-2175,546043.41
R335138,"1709 TRACY MILLER LN, CEDAR PARK, TX  78613",483832,https://search.wcad.org/Property-Detail/PropertyQuickRefID/R335138,2620,"2,620 Sq. Ft","1 Main Area 1995 1,759 N/A Details",2 Second Floor 1995 861 N/A Details,3 Garage 1995 440 N/A Details,4 Open Porch 1995 37 N/A Details,5 Covered Patio 1995 166 N/A Details,6 Fireplace 1995 1 N/A Details,-,-,-,-,1.0,440.0,0.0,837.2099999999999,37.0,0.0,0.0,858.87,27841.8,0.0,5850,519219.88
R335143,"1807 TRACY MILLER LN, CEDAR PARK, TX  78613",537404,https://search.wcad.org/Property-Detail/PropertyQuickRefID/R335143,2661,"2,661 Sq. Ft","1 Main Area 1994 2,551 N/A Details",2 Garage 1994 420 N/A Details,3 Open Porch 1994 36 N/A Details,4 Concrete Pool 2007 383 N/A Details,5 Fireplace 1994 1 N/A Details,6 Out Bldg 2008 192 N/A Details,7 Main Area 2021 110 N/A Details,8 Deck - 112 N/A Details,-,-,1.0,420.0,0.0,1226.61,36.0,112.0,0.0,890.68,22538.600000000002,0.0,2775,564834.89
R335149,"1700 SHARON PL, CEDAR PARK, TX  78613",503649,https://search.wcad.org/Property-Detail/PropertyQuickRefID/R335149,2616,"2,616 Sq. Ft","1 Main Area 1994 2,616 N/A Details",2 Garage 1994 420 N/A Details,3 Open Porch 1994 15 N/A Details,4 Deck 1994 319 N/A Details,5 Out Bldg 1999 120 N/A Details,6 Fireplace 1994 1 N/A Details,-,-,-,-,1.0,420.0,0.0,1226.61,15.0,319.0,0.0,1558.6899999999998,12737.15,0.0,6150,525321.45
R335150,"1612 SHARON PLACE, CEDAR PARK, TX  78613",527240,https://search.wcad.org/Property-Detail/PropertyQuickRefID/R335150,2735,"2,735 Sq. Ft","1 Main Area 1994 2,435 N/A Details",2 Main Area 1994 300 N/A Details,3 Garage 1994 420 N/A Details,4 Open Porch 1994 20 N/A Details,5 Covered Patio 1994 140 N/A Details,6 Deck 1994 140 N/A Details,7 Fireplace 1994 1 N/A Details,-,-,-,1.0,420.0,0.0,1226.61,20.0,140.0,0.0,1399.6399999999999,21212.8,0.0,-2775,548304.05
R335155,"1602 SHARON PL, CEDAR PARK, TX  78613",490534,https://search.wcad.org/Property-Detail/PropertyQuickRefID/R335155,2628,"2,628 Sq. Ft","1 Main Area 1994 2,628 N/A Details",2 Garage 1994 420 N/A Details,3 Open Porch 1994 18 N/A Details,4 Fireplace 1994 1 N/A Details,5 Covered Patio 2021 224 N/A Details,-,-,-,-,-,1.0,420.0,0.0,1226.61,18.0,0.0,0.0,1463.26,27841.8,0.0,5250,526315.67
R340461,"2009 SIMBRAH DR, CEDAR PARK, TX  78613",567102,https://search.wcad.org/Property-Detail/PropertyQuickRefID/R340461,2794,"2,794 Sq. Ft","1 Main Area 1996 1,190 N/A Details","2 Second Floor 1996 1,604 N/A Details",3 Garage 1996 712 N/A Details,4 Open Porch 1996 51 N/A Details,5 Enclosed Porch 2000 376 N/A Details,6 Patio 1996 110 N/A Details,7 Out Bldg 2013 64 N/A Details,8 NonCalcArea -56 N/A Details,9 Patio - 440 N/A Details,-,0.0,712.0,12354.0,-4458.63,51.0,0.0,550.0,413.53,27841.8,-19112.5,-7200,576940.2
R341310,"1800 SUMMER RAIN DR, CEDAR PARK, TX  78613",538238,https://search.wcad.org/Property-Detail/PropertyQuickRefID/R341310,2602,"2,602 Sq. Ft","1 Main Area 1995 1,684 N/A Details",2 Second Floor 1995 918 N/A Details,3 Garage 1995 462 N/A Details,4 Patio 1995 90 N/A Details,5 Open Porch 1995 60 N/A Details,6 Concrete Pool 2009 328 N/A Details,7 Out Bldg 2008 - N/A Details,8 Deck 2010 - N/A Details,9 Fireplace 1995 1 N/A Details,-,1.0,462.0,0.0,408.87,60.0,0.0,90.0,127.24,27841.8,-3127.5,7200,570688.41
R341757,"1706 BOW RIDGE DR, CEDAR PARK, TX  78613",557937,https://search.wcad.org/Property-Detail/PropertyQuickRefID/R341757,2665,"2,665 Sq. Ft","1 Main Area 1995 1,676 N/A Details",2 Second Floor 1995 989 N/A Details,3 Garage 1995 441 N/A Details,4 Open Porch 1995 49 N/A Details,5 Patio 1995 90 N/A Details,6 Concrete Pool 2009 399 N/A Details,7 Fireplace 1995 1 N/A Details,-,-,-,1.0,441.0,0.0,817.74,49.0,0.0,90.0,477.15,27841.8,-3127.5,2475,586421.19
R359808,"1722 BARRILLA ST, CEDAR PARK, TX  78613",525694,https://search.wcad.org/Property-Detail/PropertyQuickRefID/R359808,2791,"2,791 Sq. Ft","1 Main Area 1998 1,214 N/A Details","2 Second Floor 1998 1,577 N/A Details",3 Garage 1998 399 N/A Details,4 Open Porch 1998 12 N/A Details,5 Patio 1998 160 N/A Details,6 Out Bldg -81 N/A Details,7 Canopy - 45 N/A Details,-,-,-,0.0,399.0,12354.0,1635.48,12.0,0.0,160.0,1654.12,27841.8,-5560.0,-6975,556644.4
R359825,"1433 JENNA LN, CEDAR PARK, TX  78613",518165,https://search.wcad.org/Property-Detail/PropertyQuickRefID/R359825,2734,"2,734 Sq. Ft","1 Main Area 1997 1,380 N/A Details","2 Second Floor 1997 1,354 N/A Details",3 Garage 1997 420 N/A Details,4 Open Porch 1997 44 N/A Details,5 Covered Patio 2002 186 N/A Details,6 Fireplace 1997 1 N/A Details,-,-,-,-,1.0,420.0,0.0,1226.61,44.0,0.0,0.0,636.1999999999999,27841.8,0.0,-2700,545169.61
R359860,"2013 AUTUMN FIRE DR, CEDAR PARK, TX  78613",524929,https://search.wcad.org/Property-Detail/PropertyQuickRefID/R359860,2602,"2,602 Sq. Ft","1 Main Area 1996 1,669 N/A Details",2 Second Floor 1996 933 N/A Details,3 Garage 1996 441 N/A Details,4 Open Porch 1996 28 N/A Details,5 Patio 1996 100 N/A Details,6 Concrete Pool 2013 346 N/A Details,7 Fireplace 1996 1 N/A Details,-,-,-,1.0,441.0,0.0,817.74,28.0,0.0,100.0,1145.1599999999999,27841.8,-3475.0,7200,558458.7
R360106,"2312 ELEANOR WAY, CEDAR PARK, TX  78613",561451,https://search.wcad.org/Property-Detail/PropertyQuickRefID/R360106,2608,"2,608 Sq. Ft","1 Main Area 1996 2,608 N/A Details",2 Garage 1996 420 N/A Details,3 Open Porch 1996 40 N/A Details,4 Patio 1996 110 N/A Details,5 Deck 1996 282 N/A Details,6 Concrete Pool 2007 472 N/A Details,7 Fireplace 1996 1 N/A Details,-,-,-,1.0,420.0,0.0,1226.61,40.0,282.0,110.0,763.4399999999999,14489.1,-3822.5,6750,580857.65
R372803,"2112 MILAN DR, CEDAR PARK, TX  78613",533334,https://search.wcad.org/Property-Detail/PropertyQuickRefID/R372803,2771,"2,771 Sq. Ft","1 Main Area 2000 1,186 N/A Details","2 Second Floor 2000 1,585 N/A Details",3 Garage 2000 399 N/A Details,4 Open Porch 2000 24 N/A Details,5 Fireplace 2000 1 N/A Details,6 Covered Patio 2019 264 N/A Details,-,-,-,-,1.0,399.0,0.0,1635.48,24.0,0.0,0.0,1272.3999999999999,27841.8,0.0,-5475,558608.68
R341326,"1607 PAPER MOON DR, CEDAR PARK, TX  78613",531745,https://search.wcad.org/Property-Detail/PropertyQuickRefID/R341326,2714,"2,714 Sq. Ft","1 Main Area 1997 1,357 N/A Details","2 Second Floor 1997 1,357 N/A Details",3 Garage 1997 399 N/A Details,4 Open Porch 1997 107 N/A Details,5 Open Porch 1997 462 N/A Details,6 Fireplace 1997 1 N/A,-,-,-,-,1.0,399.0,0.0,1635.48,569.0,0.0,0.0,-16064.05,27841.8,0.0,-1200,543958.23
R368168,"1431 JENNA LN, CEDAR PARK, TX  78613",542181,https://search.wcad.org/Property-Detail/PropertyQuickRefID/R368168,2703,"2,703 Sq. Ft","1 Main Area 1999 1,156 N/A Details","2 Second Floor 1999 1,547 N/A Details",3 Garage 1999 599 N/A Details,4 Open Porch 1999 16 N/A Details,5 Patio 1999 220 N/A Details,6 Open Porch - 468 N/A Details,7 Fireplace 1999 1 N/A Details,-,-,-,1.0,599.0,0.0,-2258.52,484.0,0.0,220.0,-13360.199999999999,27841.8,-7645.0,-375,546384.08
R378391,"2007 RACHEL RDG, CEDAR PARK, TX  78613",532545,https://search.wcad.org/Property-Detail/PropertyQuickRefID/R378391,2691,"2,691 Sq. Ft","1 Main Area 1999 1,170 N/A Details","2 Second Floor 1999 1,521 N/A Details",3 Garage 1999 399 N/A Details,4 Open Porch 1999 25 N/A Details,5 Open Porch 2008 320 N/A Details,6 Patio 2008 208 N/A Details,7 Fireplace 1999 1 N/A Details,-,-,-,1.0,399.0,0.0,1635.48,345.0,0.0,208.0,-8938.609999999999,27841.8,-7228.0,525,546380.67
R378394,"2013 RACHEL RIDGE, CEDAR PARK, TX  78613",534238,https://search.wcad.org/Property-Detail/PropertyQuickRefID/R378394,2716,"2,716 Sq. Ft","1 Main Area 1999 1,170 N/A Details","2 Second Floor 1999 1,546 N/A Details",3 Garage 1999 399 N/A Details,4 Open Porch 1999 25 N/A Details,5 Open Porch 2010 208 N/A Details,6 Deck 2010 223 N/A Details,7 Fireplace 1999 1 N/A Details,-,-,-,1.0,399.0,0.0,1635.48,233.0,223.0,0.0,-5375.889999999999,17282.75,0.0,-1350,546430.34
R335097,"2207 SHARON DR, CEDAR PARK, TX  78613",535596,https://search.wcad.org/Property-Detail/PropertyQuickRefID/R335097,2730,"2,730 Sq. Ft","1 Main Area 1996 1,228 N/A Details","2 Second Floor 1996 1,502 N/A Details",3 Garage 1996 651 N/A Details,4 Open Porch 1996 28 N/A Details,5 Open Porch 2011 268 N/A Details,6 Patio 1996 150 N/A Details,7 Patio 2011 70 N/A Details,8 Fireplace 1996 1 N/A Details,-,-,1.0,651.0,0.0,-3270.96,296.0,0.0,220.0,-7379.92,27841.8,-7645.0,-2400,542741.92
R335101,"2111 SHARON DR, CEDAR PARK, TX  78613",497769,https://search.wcad.org/Property-Detail/PropertyQuickRefID/R335101,2661,"2,661 Sq. Ft","1 Main Area 1994 1,219 N/A Details","2 Second Floor 1994 1,442 N/A Details",3 Garage 1994 594 N/A Details,4 Open Porch 1994 60 N/A Details,5 Open Porch 1994 25 N/A Details,6 Fireplace 1994 1 N/A Details,-,-,-,-,1.0,594.0,0.0,-2161.17,85.0,0.0,0.0,-668.01,27841.8,0.0,2775,525556.62
R335125,"1804 TODD LN, CEDAR PARK, TX  78613",495499,https://search.wcad.org/Property-Detail/PropertyQuickRefID/R335125,2655,"2,655 Sq. Ft","1 Main Area 1995 2,655 N/A Details",2 Garage 1995 420 N/A Details,3 Open Porch 1995 22 N/A Details,4 Open Porch 1995 74 N/A Details,5 Fireplace 1995 1 N/A,-,-,-,-,-,1.0,420.0,0.0,1226.61,96.0,0.0,0.0,-1017.92,27841.8,0.0,3225,526774.49
R335163,"1701 SHARON PL, CEDAR PARK, TX  78613",543032,https://search.wcad.org/Property-Detail/PropertyQuickRefID/R335163,2778,"2,778 Sq. Ft","1 Main Area 1994 2,778 N/A Details",2 Garage 1994 420 N/A Details,3 Open Porch 1994 147 N/A Details,4 Open Porch 1994 98 N/A Details,5 Patio 1994 341 N/A Details,6 Fireplace 1994 1 N/A Details,-,-,-,-,1.0,420.0,0.0,1226.61,245.0,0.0,341.0,-5757.61,27841.8,-11849.75,-6000,548493.05
R340416,"2207 BENT BOW DR, CEDAR PARK, TX  78613",532972,https://search.wcad.org/Property-Detail/PropertyQuickRefID/R340416,2722,"2,722 Sq. Ft","1 Main Area 1995 1,342 N/A Details","2 Second Floor 1995 1,380 N/A Details",3 Garage 1995 399 N/A Details,4 Open Porch 1995 31 N/A Details,5 Open Porch 1995 48 N/A Details,6 Patio 1995 48 N/A Details,7 Patio 1995 240 N/A Details,8 Fireplace 1995 1 N/A Details,-,-,1.0,399.0,0.0,1635.48,79.0,0.0,288.0,-477.15,27841.8,-10008.0,-1800,550164.13
R340435,"2217 BENT BOW DR, CEDAR PARK, TX  78613",518067,https://search.wcad.org/Property-Detail/PropertyQuickRefID/R340435,2678,"2,678 Sq. Ft","1 Main Area 1998 1,169 $164,838 Details","2 Second Floor 1998 1,509 $212,780 Details","3 Garage 1998 400 $28,201 Details","4 Open Porch 1998 167 $5,922 Details","5 Open Porch 1998 120 $4,230 Details","6 Fireplace 1998 1 $3,096 Details",-,-,-,-,1.0,400.0,0.0,1616.01,287.0,0.0,0.0,-7093.63,27841.8,0.0,1500,541931.18
R340462,"2007 SIMBRAH DR, CEDAR PARK, TX  78613",499413,https://search.wcad.org/Property-Detail/PropertyQuickRefID/R340462,2618,"2,618 Sq. Ft","1 Main Area 1995 2,618 N/A Details",2 Garage 1995 420 N/A Details,3 Open Porch 1995 18 N/A Details,4 Open Porch 2008 320 N/A Details,5 Fireplace 1995 1 N/A Details,-,-,-,-,-,1.0,420.0,0.0,1226.61,338.0,0.0,0.0,-8715.94,27841.8,0.0,6000,525765.47
R341294,"1720 STAR LIGHT CIR, CEDAR PARK, TX  78613",538820,https://search.wcad.org/Property-Detail/PropertyQuickRefID/R341294,2796,"2,796 Sq. Ft","1 Main Area 1997 1,638 N/A Details","2 Second Floor 1997 1,158 N/A Details",3 Garage 1997 696 N/A Details,4 Open Porch 1997 35 N/A Details,5 Open Porch 1997 120 N/A Details,6 Fireplace 1997 1 N/A,-,-,-,-,1.0,696.0,0.0,-4147.11,155.0,0.0,0.0,-2894.71,27841.8,0.0,-7350,552269.98
R359800,"1303 CHALK LN, CEDAR PARK, TX  78613",591119,https://search.wcad.org/Property-Detail/PropertyQuickRefID/R359800,2653,"2,653 Sq. Ft","1 Main Area 1999 1,127 N/A Details","2 Second Floor 1999 1,526 N/A Details",3 Garage 1999 399 N/A Details,4 Open Porch 1999 20 N/A Details,5 Open Porch 1999 48 N/A Details,6 Fireplace 1999 1 N/A Details,7 Deck 2007 256 N/A Details,8 Patio 2007 216 N/A Details,-,-,1.0,399.0,0.0,1635.48,68.0,256.0,216.0,-127.24,15720.2,-7506.0,3375,604216.44
R360113,"2208 ELEANOR WAY, CEDAR PARK, TX  78613",529413,https://search.wcad.org/Property-Detail/PropertyQuickRefID/R360113,2789,"2,789 Sq. Ft","1 Main Area 1996 1,384 N/A Details","2 Second Floor 1996 1,405 N/A Details",3 Garage 1996 418 N/A Details,4 Open Porch 1996 25 N/A Details,5 Open Porch 1996 60 N/A Details,6 Fireplace 1996 1 N/A Details,-,-,-,-,1.0,418.0,0.0,1265.55,85.0,0.0,0.0,-668.01,27841.8,0.0,-6825,551027.34
R360132,"1803 CLAY LN, CEDAR PARK, TX  78613",523269,https://search.wcad.org/Property-Detail/PropertyQuickRefID/R360132,2740,"2,740 Sq. Ft","1 Main Area 1998 1,225 N/A Details","2 Second Floor 1998 1,515 N/A Details",3 Garage 1998 578 N/A Details,4 Open Porch 1998 30 N/A Details,5 Open Porch 1998 60 N/A Details,6 Fireplace 1998 1 N/A Details,-,-,-,-,1.0,578.0,0.0,-1849.6499999999999,90.0,0.0,0.0,-827.06,27841.8,0.0,-3150,545284.09
R364127,"2310 SANDRA DR, CEDAR PARK, TX  78613",538729,https://search.wcad.org/Property-Detail/PropertyQuickRefID/R364127,2740,"2,740 Sq. Ft","1 Main Area 1999 1,160 N/A Details","2 Second Floor 1999 1,580 N/A Details",3 Garage 1999 420 N/A Details,4 Open Porch 1999 16 N/A Details,5 Open Porch 1999 130 N/A Details,6 Patio 1999 80 N/A Details,7 Deck 1999 130 N/A Details,8 Fireplace 1999 1 N/A Details,-,-,1.0,420.0,0.0,1226.61,146.0,130.0,80.0,-2608.42,21686.3,-2780.0,-3150,553103.49
R368166,"1208 DEL ROY DR, CEDAR PARK, TX  78613",539585,https://search.wcad.org/Property-Detail/PropertyQuickRefID/R368166,2762,"2,762 Sq. Ft","1 Main Area 1999 1,186 N/A Details","2 Second Floor 1999 1,576 N/A Details",3 Garage 1999 606 N/A Details,4 Open Porch 1999 18 N/A Details,5 Open Porch 1999 220 N/A Details,6 Fireplace 1999 1 N/A Details,-,-,-,-,1.0,606.0,0.0,-2394.81,238.0,0.0,0.0,-5534.94,27841.8,0.0,-4800,554697.05
R378385,"1008 DEL ROY DR, CEDAR PARK, TX  78613",500773,https://search.wcad.org/Property-Detail/PropertyQuickRefID/R378385,2607,"2,607 Sq. Ft","1 Main Area 1999 1,151 N/A Details","2 Second Floor 1999 1,456 N/A Details",3 Garage 1999 360 N/A Details,4 Open Porch 1999 82 N/A Details,5 Open Porch 2016 252 N/A Details,6 Fireplace 1999 1 N/A,-,-,-,-,1.0,360.0,0.0,2394.81,334.0,0.0,0.0,-8588.699999999999,27841.8,0.0,6825,529245.91
R378423,"2108 JASPER LN, CEDAR PARK, TX  78613",520450,https://search.wcad.org/Property-Detail/PropertyQuickRefID/R378423,2757,"2,757 Sq. Ft","1 Main Area 2000 1,179 N/A Details","2 Second Floor 2000 1,578 N/A Details",3 Garage 2000 399 N/A Details,4 Open Porch 2000 16 N/A Details,5 Open Porch 2000 194 N/A Details,-,-,-,-,-,0.0,399.0,12354.0,1635.48,210.0,0.0,0.0,-4644.26,27841.8,0.0,-4425,553212.02
R391828,"1102 DEL ROY DR, CEDAR PARK, TX  78613",522668,https://search.wcad.org/Property-Detail/PropertyQuickRefID/R391828,2769,"2,769 Sq. Ft","1 Main Area 2000 1,173 N/A Details","2 Second Floor 2000 1,596 N/A Details",3 Garage 2000 399 N/A Details,4 Open Porch 2000 24 N/A Details,5 Open Porch 2000 140 N/A Details,-,-,-,-,-,0.0,399.0,12354.0,1635.48,164.0,0.0,0.0,-3181.0,27841.8,0.0,-5325,555993.28
R330806,"1702 EDELWEISS DR, CEDAR PARK, TX  78613",572715,https://search.wcad.org/Property-Detail/PropertyQuickRefID/R330806,2709,"2,709 Sq. Ft","1 Main Area 1993 1,163 N/A Details","2 Second Floor 1993 1,546 N/A Details",3 Open Porch 1993 32 N/A Details,4 Garage 1993 399 N/A Details,5 Open Porch 2003 294 N/A Details,6 Concrete Pool 1999 384 N/A Details,7 Fireplace 1993 1 N/A Details,8 OK - Outdoor Kitchen 2003 1 N/A Details,-,-,1.0,399.0,0.0,1635.48,326.0,0.0,0.0,-8334.22,27841.8,0.0,-825,593033.06
R359743,"1701 DEL NORTE CV, CEDAR PARK, TX  78613",561253,https://search.wcad.org/Property-Detail/PropertyQuickRefID/R359743,2684,"2,684 Sq. Ft","1 Main Area 1996 1,792 N/A Details",2 Second Floor 1996 892 N/A Details,3 Garage 1996 420 N/A Details,4 Open Porch 1996 50 N/A Details,5 Open Porch 1996 100 N/A Details,6 Concrete Pool 2008 538 N/A Details,7 Out Bldg 2008 160 N/A Details,8 Fireplace 1996 1 N/A Details,-,-,1.0,420.0,0.0,1226.61,150.0,0.0,0.0,-2735.66,27841.8,0.0,1050,588635.75
R304451,"1701 LION HEART DR, CEDAR PARK, TX  78613",503574,https://search.wcad.org/Property-Detail/PropertyQuickRefID/R304451,2727,"2,727 Sq. Ft","1 Main Area 1991 1,341 N/A Details","2 Second Floor 1991 1,386 N/A Details",3 Garage 1991 351 N/A Details,4 Open Porch 1991 20 N/A Details,5 Open Porch 2000 300 N/A Details,6 Out Bldg 1993 - N/A Details,7 Fireplace 1991 1 N/A Details,-,-,-,1.0,351.0,0.0,2570.04,320.0,0.0,0.0,-8143.36,27841.8,0.0,-2175,523667.48
R311008,"2104 HEATHER DR, CEDAR PARK, TX  78613",490951,https://search.wcad.org/Property-Detail/PropertyQuickRefID/R311008,2622,"2,622 Sq. Ft","1 Main Area 1991 1,085 N/A Details","2 Second Floor 1991 1,225 N/A Details",3 Garage 1991 400 N/A Details,4 Open Porch 1991 20 N/A Details,5 Open Porch 2009 561 N/A Details,6 Out Bldg 2009 - N/A Details,7 Main Area 2009 312 N/A Details,8 Fireplace 1991 1 N/A Details,-,-,1.0,400.0,0.0,1616.01,581.0,0.0,0.0,-16445.77,27841.8,0.0,5700,509663.04
R330855,"2212 HEATHER DR, CEDAR PARK, TX  78613",530940,https://search.wcad.org/Property-Detail/PropertyQuickRefID/R330855,2770,"2,770 Sq. Ft","1 Main Area 1993 1,232 N/A Details","2 Second Floor 1993 1,538 N/A Details",3 Garage 1993 441 N/A Details,4 Open Porch 1993 33 N/A Details,5 Open Porch 1993 240 N/A Details,6 Patio 2011 - N/A Details,7 Out Bldg 2011 - N/A Details,8 Fireplace 1993 1 N/A Details,-,-,1.0,441.0,0.0,817.74,273.0,0.0,1.0,-6648.29,27841.8,-34.75,-5400,547516.5
R334410,"1808 AZALEA DR, CEDAR PARK, TX  78613",579701,https://search.wcad.org/Property-Detail/PropertyQuickRefID/R334410,2786,"2,786 Sq. Ft","1 Main Area 1994 1,222 N/A Details","2 Second Floor 1994 1,564 N/A Details",3 Garage 1994 462 N/A Details,4 Open Porch 1994 28 N/A Details,5 Open Porch 1994 45 N/A Details,6 Patio 1994 18 N/A Details,7 Concrete Pool 2009 459 N/A Details,8 Fireplace 1994 1 N/A Details,-,-,1.0,462.0,0.0,408.87,73.0,0.0,18.0,-286.28999999999996,27841.8,-625.5,-6600,600439.88
R335126,"1802 TODD LN, CEDAR PARK, TX  78613",519819,https://search.wcad.org/Property-Detail/PropertyQuickRefID/R335126,2624,"2,624 Sq. Ft","1 Main Area 1996 1,170 N/A Details","2 Second Floor 1996 1,454 N/A Details",3 Garage 1996 596 N/A Details,4 Open Porch 1996 60 N/A Details,5 Open Porch 1996 38 N/A Details,6 NonCalcArea - '- N/A Details,7 Fireplace 1996 1 N/A Details,-,-,-,1.0,596.0,0.0,-2200.1099999999997,98.0,0.0,0.0,-1081.54,27841.8,0.0,5550,549929.15
R335161,"1609 SHARON PL, CEDAR PARK, TX  78613",608288,https://search.wcad.org/Property-Detail/PropertyQuickRefID/R335161,2780,"2,780 Sq. Ft","1 Main Area 1994 1,394 N/A Details","2 Second Floor 1994 1,386 N/A Details",3 Garage 1994 399 N/A Details,4 Open Porch 1994 24 N/A Details,5 Patio 1994 134 N/A Details,6 Deck - 537 N/A Details,7 Out Bldg 1999 120 N/A Details,8 Concrete Pool 2003 399 N/A Details,9 Fireplace 1994 1 N/A Details,10 Open Porch 2021 268 N/A Details,1.0,399.0,0.0,1635.48,292.0,537.0,134.0,-7252.679999999999,2414.85,-4656.5,-6150,594279.15
R335165,"1705 SHARON PLACE, CEDAR PARK, TX  78613",574166,https://search.wcad.org/Property-Detail/PropertyQuickRefID/R335165,2780,"2,780 Sq. Ft","1 Main Area 1994 1,394 N/A Details","2 Second Floor 1994 1,386 N/A Details",3 Garage 1994 399 N/A Details,4 Open Porch 1994 24 N/A Details,5 Open Porch 1994 339 N/A Details,6 Concrete Pool 2006 349 N/A Details,7 Fireplace 1994 1 N/A Details,-,-,-,1.0,399.0,0.0,1635.48,363.0,0.0,0.0,-9511.19,27841.8,0.0,-6150,587982.09
R368171,"1425 JENNA LN, CEDAR PARK, TX  78613",610239,https://search.wcad.org/Property-Detail/PropertyQuickRefID/R368171,2736,"2,736 Sq. Ft","1 Main Area 1999 1,374 N/A Details","2 Second Floor 1999 1,362 N/A Details",3 Garage 1999 415 N/A Details,4 Open Porch 1999 65 N/A Details,5 Concrete Pool 2010 620 N/A Details,6 Open Porch 2010 378 N/A Details,7 Fireplace 1999 1 N/A Details,-,-,-,1.0,415.0,0.0,1323.96,443.0,0.0,0.0,-12055.99,27841.8,0.0,-2850,624498.77
R368182,"2105 MACON DR, CEDAR PARK, TX  78613",540246,https://search.wcad.org/Property-Detail/PropertyQuickRefID/R368182,2744,"2,744 Sq. Ft","1 Main Area 1997 1,159 N/A Details","2 Second Floor 1997 1,585 N/A Details",3 Garage 1997 399 N/A Details,4 Open Porch 1997 27 N/A Details,5 Fireplace 1997 1 N/A Details,6 Open Porch 2013 360 N/A Details,7 Covered Patio 1997 100 N/A Details,-,-,-,1.0,399.0,0.0,1635.48,387.0,0.0,0.0,-10274.63,27841.8,0.0,-3450,555998.65
