Property_ID,Address,Value_2023,Link,area_1,area,imp1,imp2,imp3,imp4,imp5,imp6,imp7,imp8,imp9,imp10
R334385,"1504 EDELWEISS DR, CEDAR PARK, TX  78613",511057,https://search.wcad.org/Property-Detail/PropertyQuickRefID/R334385,2714,"2,714 Sq. Ft","1 Main Area 1994 1,238 N/A Details","2 Second Floor 1994 1,476 N/A Details",3 Garage 1994 420 N/A Details,4 Open Porch 1994 20 N/A Details,5 Fireplace 1994 1 N/A,-,-,-,-,-
R335121,"1701 TODD LN, CEDAR PARK, TX  78613",516423,https://search.wcad.org/Property-Detail/PropertyQuickRefID/R335121,2688,"2,688 Sq. Ft","1 Main Area 1998 1,148 N/A Details","2 Second Floor 1998 1,540 N/A Details",3 Garage 1998 380 N/A Details,4 Open Porch 1998 12 N/A Details,5 Patio 1998 100 N/A Details,6 Fireplace 1998 1 N/A Details,-,-,-,-
R335166,"2214 SHARON DR, CEDAR PARK, TX  78613",570090,https://search.wcad.org/Property-Detail/PropertyQuickRefID/R335166,2692,"2,692 Sq. Ft","1 Main Area 1994 2,692 N/A Details",2 Garage 1994 420 N/A Details,3 Open Porch 1994 18 N/A Details,4 Deck 1994 352 N/A Details,5 Fireplace 1994 1 N/A,-,-,-,-,-
R341273,"1503 AUTUMN FIRE CV, AUSTIN, TX  78613",504102,https://search.wcad.org/Property-Detail/PropertyQuickRefID/R341273,2696,"2,696 Sq. Ft","1 Main Area 1997 1,336 N/A Details","2 Second Floor 1997 1,360 N/A Details",3 Garage 1997 399 N/A Details,4 Open Porch 1997 128 N/A Details,-,-,-,-,-,-
R341295,"1718 STAR LIGHT CIR, CEDAR PARK, TX  78613",570431,https://search.wcad.org/Property-Detail/PropertyQuickRefID/R341295,2698,"2,698 Sq. Ft","1 Main Area 1996 1,591 N/A Details","2 Second Floor 1996 1,107 N/A Details",3 Garage 1996 483 N/A Details,4 Open Porch 1996 64 N/A Details,5 Fireplace 1996 1 N/A Details,6 Patio 2007 317 N/A Details,-,-,-,-
R341337,"1743 STAR LIGHT CIR, CEDAR PARK, TX  78613",542653,https://search.wcad.org/Property-Detail/PropertyQuickRefID/R341337,2698,"2,698 Sq. Ft","1 Main Area 1996 1,591 N/A Details","2 Second Floor 1996 1,107 N/A Details",3 Garage 1996 483 N/A Details,4 Open Porch 1996 64 N/A Details,5 Fireplace 1996 1 N/A Details,6 Deck 2022 588 N/A,-,-,-,-
R341713,"1806 AUTUMN FIRE DR, CEDAR PARK, TX  78613",514406,https://search.wcad.org/Property-Detail/PropertyQuickRefID/R341713,2702,"2,702 Sq. Ft","1 Main Area 1996 1,687 N/A Details","2 Second Floor 1996 1,015 N/A Details",3 Garage 1996 451 N/A Details,4 Open Porch 1996 58 N/A Details,5 Fireplace 1996 1 N/A Details,-,-,-,-,-
R341760,"1700 BOW RIDGE DR, CEDAR PARK, TX  78613",517163,https://search.wcad.org/Property-Detail/PropertyQuickRefID/R341760,2679,"2,679 Sq. Ft","1 Main Area 1997 1,811 N/A Details",2 Second Floor 1997 868 N/A Details,3 Garage 1997 444 N/A Details,4 Open Porch 1997 57 N/A Details,5 Patio 1997 100 N/A Details,6 Fireplace 1997 1 N/A,-,-,-,-
R359747,"1709 DEL NORTE CV, CEDAR PARK, TX  78613",495794,https://search.wcad.org/Property-Detail/PropertyQuickRefID/R359747,2681,"2,681 Sq. Ft","1 Main Area 2001 1,127 N/A Details","2 Second Floor 2001 1,554 N/A Details",3 Garage 2001 399 N/A Details,4 Open Porch 2001 28 N/A Details,5 Patio 2001 64 N/A Details,6 Fireplace 2001 1 N/A Details,-,-,-,-
R359812,"1701 BARRILLA ST, CEDAR PARK, TX  78613",479314,https://search.wcad.org/Property-Detail/PropertyQuickRefID/R359812,2688,"2,688 Sq. Ft","1 Main Area 2002 1,150 N/A Details","2 Second Floor 2002 1,538 N/A Details",3 Garage 2002 361 N/A Details,4 Open Porch 2002 82 N/A Details,5 Patio 2002 18 N/A Details,-,-,-,-,-
R360122,"2406 SHARON DR, CEDAR PARK, TX  78613",512685,https://search.wcad.org/Property-Detail/PropertyQuickRefID/R360122,2680,"2,680 Sq. Ft","1 Main Area 1997 2,680 N/A Details",2 Garage 1997 440 N/A Details,3 Open Porch 1997 30 N/A Details,4 Deck 1997 202 N/A Details,5 Fireplace 1997 1 N/A,-,-,-,-,-
R364125,"2306 SANDRA DR, CEDAR PARK, TX  78613",524647,https://search.wcad.org/Property-Detail/PropertyQuickRefID/R364125,2701,"2,701 Sq. Ft","1 Main Area 1999 2,701 N/A Details",2 Garage 1999 420 N/A Details,3 Open Porch 1999 18 N/A Details,4 Patio 1999 245 N/A Details,5 Fireplace 1999 1,-,-,-,-,-
R378426,"1105 VAN HORN WAY, CEDAR PARK, TX  78613",491576,https://search.wcad.org/Property-Detail/PropertyQuickRefID/R378426,2688,"2,688 Sq. Ft","1 Main Area 2000 1,150 N/A Details","2 Second Floor 2000 1,538 N/A Details",3 Garage 2000 366 N/A Details,4 Open Porch 2000 82 N/A Details,5 Fireplace 2000 1 N/A,-,-,-,-,-
R334406,"1505 EDELWEISS DR, CEDAR PARK, TX  78613",483355,https://search.wcad.org/Property-Detail/PropertyQuickRefID/R334406,2652,"2,652 Sq. Ft","1 Main Area 1998 1,156 N/A Details","2 Second Floor 1998 1,496 N/A Details",3 Garage 1998 380 N/A Details,4 Open Porch 1998 28 N/A Details,5	Patio	1998	245	N/A,-,-,-,-,-
R334435,"1607 AZALEA DR, CEDAR PARK, TX  78613",498171,https://search.wcad.org/Property-Detail/PropertyQuickRefID/R334435,2601,"2,601 Sq. Ft","1 Main Area 1997 1,145 N/A Details","2 Second Floor 1997 1,456 N/A Details",3 Garage 1997 366 N/A Details,4 Open Porch 1997 32 N/A Details,5 Patio 1997 100 N/A Details,6 Fireplace 1997 1 N/A Details,-,-,-,-
R334437,"1609 AZALEA DR, CEDAR PARK, TX  78613",483633,https://search.wcad.org/Property-Detail/PropertyQuickRefID/R334437,2626,"2,626 Sq. Ft","1 Main Area 1995 1,181 N/A Details","2 Second Floor 1995 1,445 N/A Details",3 Garage 1995 420 N/A Details,4 Open Porch 1995 40 N/A Details,5 Patio 1995 28 N/A Details,6 Fireplace 1995 1 N/A Details,-,-,-,-
R335110,"1811 TODD LN, CEDAR PARK, TX  78613",517804,https://search.wcad.org/Property-Detail/PropertyQuickRefID/R335110,2598,"2,598 Sq. Ft","1 Main Area 1995 2,598 N/A Details",2 Garage 1995 480 N/A Details,3 Open Porch 1995 40 N/A Details,4 Patio 1995 100 N/A Details,5 Fireplace 1995 1 N/A Details,-,-,-,-,-
R335118,"1707 TODD LN, CEDAR PARK, TX  78613",521106,https://search.wcad.org/Property-Detail/PropertyQuickRefID/R335118,2792,"2,792 Sq. Ft","1 Main Area 1999 1,185 N/A Details","2 Second Floor 1999 1,607 N/A Details",3 Garage 1999 400 N/A Details,4 Open Porch 1999 20 N/A Details,5 Fireplace 1999 1 N/A,-,-,-,-,-
R335134,"1701 TRACY MILLER LN, CEDAR PARK, TX  78613",505775,https://search.wcad.org/Property-Detail/PropertyQuickRefID/R335134,2652,"2,652 Sq. Ft","1 Main Area 1996 2,652 N/A Details",2 Garage 1996 399 N/A Details,3 Open Porch 1996 135 N/A Details,4 Patio 1996 350 N/A Details,5 Fireplace 1996 1 N/A,-,-,-,-,-
R335153,"1606 SHARON PL, CEDAR PARK, TX  78613",516149,https://search.wcad.org/Property-Detail/PropertyQuickRefID/R335153,2734,"2,734 Sq. Ft","1 Main Area 1994 2,734 N/A Details",2 Garage 1994 420 N/A Details,3 Open Porch 1994 12 N/A Details,4 Patio 1994 392 N/A Details,5 Fireplace 1994 1 N/A Details,-,-,-,-,-
R335162,"1611 SHARON PL, CEDAR PARK, TX  78613",529720,https://search.wcad.org/Property-Detail/PropertyQuickRefID/R335162,2798,"2,798 Sq. Ft","1 Main Area 1994 2,798 N/A Details",2 Garage 1994 420 N/A Details,3 Open Porch 1994 30 N/A Details,4 Patio 1994 110 N/A Details,5 Fireplace 1994 1 N/A Details,-,-,-,-,-
R335170,"2206 SHARON DR, CEDAR PARK, TX  78613",493623,https://search.wcad.org/Property-Detail/PropertyQuickRefID/R335170,2635,"2,635 Sq. Ft","1 Main Area 1994 2,635 N/A Details",2 Garage 1994 420 N/A Details,3 Open Porch 1994 15 N/A Details,4 Patio 1994 172 N/A Details,5 Fireplace 1994 1 N/A Details,-,-,-,-,-
R335172,"2202 SHARON DR, CEDAR PARK, TX  78613",491626,https://search.wcad.org/Property-Detail/PropertyQuickRefID/R335172,2610,"2,610 Sq. Ft","1 Main Area 1994 2,610 N/A Details",2 Garage 1994 440 N/A Details,3 Open Porch 1994 30 N/A Details,4 Patio 1994 100 N/A Details,5 Fireplace 1994 1 N/A,-,-,-,-,-
R335176,"1710 TRACY MILLER LN, CEDAR PARK, TX  78613",517266,https://search.wcad.org/Property-Detail/PropertyQuickRefID/R335176,2726,"2,726 Sq. Ft","1 Main Area 1996 2,726 N/A Details",2 Garage 1996 420 N/A Details,3 Open Porch 1996 28 N/A Details,4 Patio 1996 74 N/A Details,5 Fireplace 1996 1 N/A Details,-,-,-,-,-
R335184,"2303 SHARON DR, CEDAR PARK, TX  78613",495864,https://search.wcad.org/Property-Detail/PropertyQuickRefID/R335184,2670,"2,670 Sq. Ft","1 Main Area 1996 2,670 N/A Details",2 Garage 1996 420 N/A Details,3 Open Porch 1996 38 N/A Details,4 Patio 1996 170 N/A Details,5 Fireplace 1996 1 N/A Details,-,-,-,-,-
R340320,"1612 EAGLE WING DR, CEDAR PARK, TX  78613",530076,https://search.wcad.org/Property-Detail/PropertyQuickRefID/R340320,2788,"2,788 Sq. Ft","1 Main Area 1998 1,185 N/A Details","2 Second Floor 1998 1,603 N/A Details",3 Garage 1998 418 N/A Details,4 Open Porch 1998 30 N/A Details,5 Fireplace 1998 1 N/A Details,-,-,-,-,-
R340390,"2022 SIMBRAH DR, CEDAR PARK, TX  78613",496744,https://search.wcad.org/Property-Detail/PropertyQuickRefID/R340390,2620,"2,620 Sq. Ft","1 Main Area 1998 1,120 N/A Details","2 Second Floor 1998 1,500 N/A Details",3 Garage 1998 420 N/A Details,4 Open Porch 1998 44 N/A Details,5 Patio 1998 100 N/A Details,6 Fireplace 1998 1 N/A Details,-,-,-,-
R340391,"2020 SIMBRAH DR, CEDAR PARK, TX  78613",494560,https://search.wcad.org/Property-Detail/PropertyQuickRefID/R340391,2660,"2,660 Sq. Ft","1 Main Area 1995 2,660 N/A Details",2 Garage 1995 380 N/A Details,3 Open Porch 1995 38 N/A Details,4 Patio 1995 110 N/A Details,5 Fireplace 1995 1 N/A Details,-,-,-,-,-
R340415,"2205 BENT BOW DR, CEDAR PARK, TX  78613",492091,https://search.wcad.org/Property-Detail/PropertyQuickRefID/R340415,2645,"2,645 Sq. Ft","1 Main Area 1995 2,645 N/A Details",2 Garage 1995 400 N/A Details,3 Open Porch 1995 33 N/A Details,4 Patio 1995 110 N/A Details,5 Deck 1995 148 N/A Details,6 Fireplace 1995 1 N/A Details,-,-,-,-
R340430,"2209 BENT BOW DR, CEDAR PARK, TX  78613",503235,https://search.wcad.org/Property-Detail/PropertyQuickRefID/R340430,2624,"2,624 Sq. Ft","1 Main Area 1996 1,114 N/A Details","2 Second Floor 1996 1,510 N/A Details",3 Garage 1996 456 N/A Details,4 Open Porch 1996 164 N/A Details,5 Patio 1996 64 N/A Details,6 Fireplace 1996 1 N/A Details,-,-,-,-
R341268,"1502 AUTUMN FIRE CV, CEDAR PARK, TX  78613",491381,https://search.wcad.org/Property-Detail/PropertyQuickRefID/R341268,2630,"2,630 Sq. Ft","1 Main Area 1995 2,630 N/A Details",2 Garage 1995 420 N/A Details,3 Open Porch 1995 35 N/A Details,4 Patio 1995 100 N/A Details,5 Fireplace 1995 1 N/A Details,-,-,-,-,-
R341321,"1707 STAR LIGHT CIR, CEDAR PARK, TX  78613",541896,https://search.wcad.org/Property-Detail/PropertyQuickRefID/R341321,2781,"2,781 Sq. Ft","1 Main Area 1998 1,636 N/A Details","2 Second Floor 1998 1,145 N/A Details",3 Garage 1998 693 N/A Details,4 Open Porch 1998 24 N/A Details,5 Patio 1998 100 N/A Details,6 Fireplace 1998 1 N/A Details,-,-,-,-
R341718,"1801 FEATHER NEST DR, CEDAR PARK, TX  78613",502528,https://search.wcad.org/Property-Detail/PropertyQuickRefID/R341718,2632,"2,632 Sq. Ft","1 Main Area 1996 1,732 N/A Details",2 Second Floor 1996 900 N/A Details,3 Garage 1996 420 N/A Details,4 Open Porch 1996 66 N/A Details,5 Patio 1996 100 N/A Details,6 Fireplace 1996 1 N/A Details,-,-,-,-
R341723,"1811 FEATHER NEST DR, CEDAR PARK, TX  78613",543612,https://search.wcad.org/Property-Detail/PropertyQuickRefID/R341723,2770,"2,770 Sq. Ft","1 Main Area 1997 1,796 N/A Details",2 Second Floor 1997 974 N/A Details,3 Garage 1997 420 N/A Details,4 Open Porch 1997 44 N/A Details,5 Fireplace 1997 1 N/A Details,6 Deck 1997 200 N/A Details,-,-,-,-
R341731,"1820 FEATHER NEST DR, CEDAR PARK, TX  78613",531403,https://search.wcad.org/Property-Detail/PropertyQuickRefID/R341731,2770,"2,770 Sq. Ft","1 Main Area 1997 1,796 N/A Details",2 Second Floor 1997 974 N/A Details,3 Garage 1997 420 N/A Details,4 Open Porch 1997 44 N/A Details,5 Patio 1997 100 N/A Details,6 Fireplace 1997 1 N/A Details,-,-,-,-
R341753,"1714 BOW RIDGE DR, CEDAR PARK, TX  78613",518834,https://search.wcad.org/Property-Detail/PropertyQuickRefID/R341753,2745,"2,745 Sq. Ft","1 Main Area 1995 2,745 N/A Details",2 Garage 1995 420 N/A Details,3 Open Porch 1995 42 N/A Details,4 Patio 1995 100 N/A Details,5 Fireplace 1995 1 N/A Details,-,-,-,-,-
R359759,"1707 CHINATI CT, CEDAR PARK, TX  78613",492028,https://search.wcad.org/Property-Detail/PropertyQuickRefID/R359759,2656,"2,656 Sq. Ft","1 Main Area 1998 1,164 N/A Details","2 Second Floor 1998 1,492 N/A Details",3 Garage 1998 368 N/A Details,4 Open Porch 1998 158 N/A Details,5 Patio 1998 18 N/A Details,6 Fireplace 1998 1 N/A Details,-,-,-,-
R359760,"1709 CHINATI CT, CEDAR PARK, TX  78613",528520,https://search.wcad.org/Property-Detail/PropertyQuickRefID/R359760,2772,"2,772 Sq. Ft","1 Main Area 1998 1,202 N/A Details","2 Second Floor 1998 1,570 N/A Details",3 Garage 1998 368 N/A Details,4 Open Porch 1998 24 N/A Details,5 Patio 1998 24 N/A Details,6 Fireplace 1998 1 N/A Details,-,-,-,-
R359778,"1302 CHALK LN, CEDAR PARK, TX  78613",523489,https://search.wcad.org/Property-Detail/PropertyQuickRefID/R359778,2731,"2,731 Sq. Ft","1 Main Area 1999 1,180 N/A Details","2 Second Floor 1999 1,551 N/A Details",3 Garage 1999 399 N/A Details,4 Open Porch 1999 20 N/A Details,5 Fireplace 1999 1 N/A Details,-,-,-,-,-
R359783,"1405 CHALK LN, CEDAR PARK, TX  78613",524517,https://search.wcad.org/Property-Detail/PropertyQuickRefID/R359783,2739,"2,739 Sq. Ft","1 Main Area 1997 2,739 N/A Details",2 Garage 1997 463 N/A Details,3 Open Porch 1997 100 N/A Details,4 Patio 1997 9 N/A Details,5 Patio 1997 180 N/A Details,6 Fireplace 1997 1 N/A Details,-,-,-,-
R359796,"1703 CHALK CV, CEDAR PARK, TX  78613",488090,https://search.wcad.org/Property-Detail/PropertyQuickRefID/R359796,2651,"2,651 Sq. Ft","1 Main Area 1998 1,152 N/A Details","2 Second Floor 1998 1,499 N/A Details",3 Garage 1998 387 N/A Details,4 Open Porch 1998 28 N/A Details,5 Patio 1998 24 N/A Details,6 Fireplace 1998 1 N/A Details,-,-,-,-
R359824,"1435 JENNA LN, CEDAR PARK, TX  78613",506384,https://search.wcad.org/Property-Detail/PropertyQuickRefID/R359824,2633,"2,633 Sq. Ft","1 Main Area 1999 1,097 N/A Details","2 Second Floor 1999 1,536 N/A Details",3 Garage 1999 399 N/A Details,4 Open Porch 1999 158 N/A Details,5 Patio 1999 100 N/A Details,6 Fireplace 1999 1 N/A Details,-,-,-,-
R359846,"1808 ECLIPSE CV, CEDAR PARK, TX  78613",514376,https://search.wcad.org/Property-Detail/PropertyQuickRefID/R359846,2671,"2,671 Sq. Ft","1 Main Area 1996 1,708 N/A Details",2 Second Floor 1996 963 N/A Details,3 Garage 1996 420 N/A Details,4 Open Porch 1996 42 N/A Details,5 Patio 1996 100 N/A Details,6 Fireplace 1996 1 N/A Details,-,-,-,-
R359888,"1807 ECLIPSE CV, CEDAR PARK, TX  78613",490197,https://search.wcad.org/Property-Detail/PropertyQuickRefID/R359888,2632,"2,632 Sq. Ft","1 Main Area 1998 1,376 N/A Details","2 Second Floor 1998 1,256 N/A Details",3 Garage 1998 400 N/A Details,4 Open Porch 1998 48 N/A Details,5 Patio 1998 100 N/A Details,6 Fireplace 1998 1 N/A Details,-,-,-,-
R360102,"1706 CLAY LN, CEDAR PARK, TX  78613",539140,https://search.wcad.org/Property-Detail/PropertyQuickRefID/R360102,2789,"2,789 Sq. Ft","1 Main Area 1999 1,802 N/A Details",2 Second Floor 1999 987 N/A Details,3 Garage 1999 441 N/A Details,4 Open Porch 1999 26 N/A Details,5 Patio 1999 214 N/A Details,6 Fireplace 1999 1 N/A Details,-,-,-,-
R360127,"2307 ELEANOR WAY, CEDAR PARK, TX  78613",509546,https://search.wcad.org/Property-Detail/PropertyQuickRefID/R360127,2619,"2,619 Sq. Ft","1 Main Area 1996 2,619 N/A Details",2 Garage 1996 418 N/A Details,3 Open Porch 1996 35 N/A Details,4 Patio 1996 110 N/A Details,5 Fireplace 1996 1 N/A Details,-,-,-,-,-
R364085,"2311 SANDRA DR, CEDAR PARK, TX  78613",523459,https://search.wcad.org/Property-Detail/PropertyQuickRefID/R364085,2648,"2,648 Sq. Ft","1 Main Area 1998 2,648 N/A Details",2 Garage 1998 440 N/A Details,3 Open Porch 1998 12 N/A Details,4 Patio 1998 388 N/A Details,5 Fireplace 1998 1 N/A Details,-,-,-,-,-
R364090,"2301 SANDRA DR, CEDAR PARK, TX  78613",537846,https://search.wcad.org/Property-Detail/PropertyQuickRefID/R364090,2764,"2,764 Sq. Ft","1 Main Area 1998 1,180 N/A Details","2 Second Floor 1998 1,584 N/A Details",3 Garage 1998 400 N/A Details,4 Open Porch 1998 16 N/A Details,5 Patio 1998 300 N/A Details,6 Fireplace 1998 1 N/A Details,-,-,-,-
R364099,"2203 SANDRA DR, CEDAR PARK, TX  78613",523323,https://search.wcad.org/Property-Detail/PropertyQuickRefID/R364099,2727,"2,727 Sq. Ft","1 Main Area 1998 1,181 N/A Details","2 Second Floor 1998 1,546 N/A Details",3 Garage 1998 399 N/A Details,4 Open Porch 1998 16 N/A Details,5 Patio 1998 254 N/A Details,6 Deck 1998 169 N/A Details,7 Fireplace 1998 1 N/A Details,-,-,-
R364120,"1800 SANDRA CV, CEDAR PARK, TX  78613",536714,https://search.wcad.org/Property-Detail/PropertyQuickRefID/R364120,2762,"2,762 Sq. Ft","1 Main Area 1999 1,155 N/A Details","2 Second Floor 1999 1,607 N/A Details",3 Garage 1999 432 N/A Details,4 Open Porch 1999 16 N/A Details,5 Patio 1999 218 N/A Details,6 Fireplace 1999 1 N/A Details,-,-,-,-
R364122,"1804 SANDRA CV, CEDAR PARK, TX  78613",470439,https://search.wcad.org/Property-Detail/PropertyQuickRefID/R364122,2657,"2,657 Sq. Ft","1 Main Area 1997 2,657 N/A Details",2 Garage 1997 420 N/A Details,3 Open Porch 1997 18 N/A Details,4 Fireplace 1997 1 N/A,-,-,-,-,-,-
R368157,"2002 CUPOLLA MOUNTAIN, CEDAR PARK, TX  78613",532932,https://search.wcad.org/Property-Detail/PropertyQuickRefID/R368157,2724,"2,724 Sq. Ft","1 Main Area 1998 1,370 N/A Details","2 Second Floor 1998 1,354 N/A Details",3 Garage 1998 420 N/A Details,4 Open Porch 1998 60 N/A Details,5 Patio 1998 240 N/A Details,6 Fireplace 1998 1 N/A Details,-,-,-,-
R368161,"1906 CUPOLLA MOUNTAIN, CEDAR PARK, TX  78613",541517,https://search.wcad.org/Property-Detail/PropertyQuickRefID/R368161,2783,"2,783 Sq. Ft","1 Main Area 1999 1,183 N/A Details","2 Second Floor 1999 1,600 N/A Details",3 Garage 1999 620 N/A Details,4 Open Porch 1999 21 N/A Details,5 Patio 1999 200 N/A Details,6 Fireplace 1999 1 N/A Details,-,-,-,-
R368165,"1210 DEL ROY DR, CEDAR PARK, TX  78613",526330,https://search.wcad.org/Property-Detail/PropertyQuickRefID/R368165,2724,"2,724 Sq. Ft","1 Main Area 1998 1,370 N/A Details","2 Second Floor 1998 1,354 N/A Details",3 Garage 1998 420 N/A Details,4 Open Porch 1998 60 N/A Details,5 Patio 1998 240 N/A Details,6 Fireplace 1998 1 N/A Details,-,-,-,-
R368178,"2106 MACON DR, CEDAR PARK, TX  78613",540204,https://search.wcad.org/Property-Detail/PropertyQuickRefID/R368178,2798,"2,798 Sq. Ft","1 Main Area 1998 1,192 N/A Details","2 Second Floor 1998 1,606 N/A Details",3 Garage 1998 630 N/A Details,4 Open Porch 1998 18 N/A Details,5 Patio 1998 162 N/A Details,6 Fireplace 1998 1 N/A Details,-,-,-,-
R368194,"1209 DEL ROY DR, CEDAR PARK, TX  78613",526071,https://search.wcad.org/Property-Detail/PropertyQuickRefID/R368194,2736,"2,736 Sq. Ft","1 Main Area 1999 1,374 N/A Details","2 Second Floor 1999 1,362 N/A Details",3 Garage 1999 415 N/A Details,4 Open Porch 1999 72 N/A Details,5 Patio 1999 162 N/A Details,6 Fireplace 1999 1 N/A Details,-,-,-,-
R372795,"1304 DEVIL RDG, CEDAR PARK, TX  78613",493894,https://search.wcad.org/Property-Detail/PropertyQuickRefID/R372795,2669,"2,669 Sq. Ft","1 Main Area 1999 1,135 N/A Details","2 Second Floor 1999 1,534 N/A Details",3 Garage 1999 399 N/A Details,4 Open Porch 1999 112 N/A Details,5 Patio 1999 300 N/A Details,6 Fireplace 1999 1 N/A,-,-,-,-
R378417,"1007 DUNCAN DR, CEDAR PARK, TX  78613",545442,https://search.wcad.org/Property-Detail/PropertyQuickRefID/R378417,2776,"2,776 Sq. Ft","1 Main Area 1999 1,191 N/A Details","2 Second Floor 1999 1,585 N/A Details",3 Garage 1999 588 N/A Details,4 Open Porch 1999 24 N/A Details,5 Fireplace 1999 1 N/A Details,6 Patio 1999 24 N/A Details,-,-,-,-
R378424,"1101 VAN HORN WAY, CEDAR PARK, TX  78613",543055,https://search.wcad.org/Property-Detail/PropertyQuickRefID/R378424,2787,"2,787 Sq. Ft","1 Main Area 2000 1,194 N/A Details","2 Second Floor 2000 1,593 N/A Details",3 Garage 2000 399 N/A Details,4 Open Porch 2000 16 N/A Details,5 Patio 2000 328 N/A Details,6 Fireplace 2000 1 N/A Details,-,-,-,-
R378439,"2010 RACHEL RIDGE, CEDAR PARK, TX  78613",502370,https://search.wcad.org/Property-Detail/PropertyQuickRefID/R378439,2617,"2,617 Sq. Ft","1 Main Area 1999 1,103 N/A Details","2 Second Floor 1999 1,514 N/A Details",3 Garage 1999 399 N/A Details,4 Open Porch 1999 92 N/A Details,5 Patio 1999 225 N/A Details,6 Fireplace 1999 1 N/A Details,-,-,-,-
R378458,"2007 JASPER LN, CEDAR PARK, TX  78613",527795,https://search.wcad.org/Property-Detail/PropertyQuickRefID/R378458,2745,"2,745 Sq. Ft","1 Main Area 2000 1,173 N/A Details","2 Second Floor 2000 1,572 N/A Details",3 Garage 2000 399 N/A Details,4 Open Porch 2000 24 N/A Details,5 Patio 2000 18 N/A Details,6 Fireplace 2000 1 N/A Details,-,-,-,-
R378460,"2003 JASPER LN, CEDAR PARK, TX  78613",531620,https://search.wcad.org/Property-Detail/PropertyQuickRefID/R378460,2783,"2,783 Sq. Ft","1 Main Area 2000 1,192 N/A Details","2 Second Floor 2000 1,591 N/A Details",3 Garage 2000 399 N/A Details,4 Open Porch 2000 24 N/A Details,5 Fireplace 2000 1 N/A Details,-,-,-,-,-
R383868,"1610 SOMERSET CANYON LN, CEDAR PARK, TX  78613",540235,https://search.wcad.org/Property-Detail/PropertyQuickRefID/R383868,2796,"2,796 Sq. Ft","1 Main Area 1999 1,254 N/A Details","2 Second Floor 1999 1,542 N/A Details",3 Garage 1999 395 N/A Details,4 Open Porch 1999 28 N/A Details,5 Patio 1999 254 N/A Details,6 Fireplace 1999 1 N/A,-,-,-,-
R383909,"2210 KERR TRL, CEDAR PARK, TX  78613",532179,https://search.wcad.org/Property-Detail/PropertyQuickRefID/R383909,2749,"2,749 Sq. Ft","1 Main Area 1999 1,632 N/A Details","2 Second Floor 1999 1,117 N/A Details",3 Garage 1999 441 N/A Details,4 Open Porch 1999 28 N/A Details,5 Patio 1999 100 N/A Details,6 Fireplace 1999 1 N/A Details,-,-,-,-
R391821,"1116 DEL ROY DR, CEDAR PARK, TX  78613",478628,https://search.wcad.org/Property-Detail/PropertyQuickRefID/R391821,2637,"2,637 Sq. Ft","1 Main Area 2000 1,093 N/A Details","2 Second Floor 2000 1,544 N/A Details",3 Garage 2000 399 N/A Details,4 Open Porch 2000 92 N/A,-,-,-,-,-,-
R391824,"1110 DEL ROY DR, CEDAR PARK, TX  78613",523935,https://search.wcad.org/Property-Detail/PropertyQuickRefID/R391824,2784,"2,784 Sq. Ft","1 Main Area 2000 1,188 N/A Details","2 Second Floor 2000 1,596 N/A Details",3 Garage 2000 384 N/A Details,4 Open Porch 2000 24 N/A Details,5 Patio 2000 140 N/A Details,-,-,-,-,-
R391826,"1106 DEL ROY DR, CEDAR PARK, TX  78613",527821,https://search.wcad.org/Property-Detail/PropertyQuickRefID/R391826,2756,"2,756 Sq. Ft","1 Main Area 2000 1,184 N/A Details","2 Second Floor 2000 1,572 N/A Details",3 Garage 2000 366 N/A Details,4 Open Porch 2000 77 N/A Details,5 Fireplace 2000 1 N/A Details,-,-,-,-,-
R391842,"1204 STILLWELL RIDGE, CEDAR PARK, TX  78613",512094,https://search.wcad.org/Property-Detail/PropertyQuickRefID/R391842,2724,"2,724 Sq. Ft","1 Main Area 2000 1,190 N/A Details","2 Second Floor 2000 1,534 N/A Details",3 Garage 2000 399 N/A Details,4 Open Porch 2000 32 N/A Details,5 Patio 2000 150 N/A Details,-,-,-,-,-
R391855,"1105 STILLWELL RIDGE, CEDAR PARK, TX  78613",537591,https://search.wcad.org/Property-Detail/PropertyQuickRefID/R391855,2776,"2,776 Sq. Ft","1 Main Area 2000 1,196 N/A Details","2 Second Floor 2000 1,580 N/A Details",3 Garage 2000 368 N/A Details,4 Open Porch 2000 24 N/A Details,5 Fireplace 2000 1 N/A Details,6 Patio 2016 205 N/A Details,-,-,-,-
R391880,"2108 VAN HORN CV, CEDAR PARK, TX  78613",551438,https://search.wcad.org/Property-Detail/PropertyQuickRefID/R391880,2646,"2,646 Sq. Ft","1 Main Area 2000 1,151 N/A Details","2 Second Floor 2000 1,495 N/A Details",3 Garage 2000 399 N/A Details,4 Open Porch 2000 158 N/A,-,-,-,-,-,-
R411184,"2217 LITTLE TREE BEND, CEDAR PARK, TX  78613",510722,https://search.wcad.org/Property-Detail/PropertyQuickRefID/R411184,2731,"2,731 Sq. Ft","1 Main Area 2002 1,168 N/A Details","2 Second Floor 2002 1,563 N/A Details",3 Garage 2002 399 N/A Details,4 Open Porch 2002 44 N/A,-,-,-,-,-,-
R411160,"2112 PENA BLANCA DR, CEDAR PARK, TX  78613",535859,https://search.wcad.org/Property-Detail/PropertyQuickRefID/R411160,2681,"2,681 Sq. Ft","1 Main Area 2001 1,145 N/A Details","2 Second Floor 2001 1,536 N/A Details",3 Garage 2001 366 N/A Details,4 Open Porch 2001 158 N/A Details,5 Enclosed Porch 2016 557 N/A Details,6 Fireplace 2001 1 N/A Details,7 Out Bldg 2015 224 N/A Details,-,-,-
R330787,"1600 IRIS LN, CEDAR PARK, TX  78613",506990,https://search.wcad.org/Property-Detail/PropertyQuickRefID/R330787,2661,"2,661 Sq. Ft","1 Main Area 1993 1,137 N/A Details","2 Second Floor 1993 1,244 N/A Details",3 Garage 1993 405 N/A Details,4 Open Porch 1993 36 N/A Details,5 Balcony 2009 280 N/A Details,6 Patio 2009 266 N/A Details,7 Main Area 2009 280 N/A Details,8 Fireplace 1993 1 N/A Details,-,-
R330794,"1705 EDELWEISS DR, CEDAR PARK, TX  78613",530616,https://search.wcad.org/Property-Detail/PropertyQuickRefID/R330794,2610,"2,610 Sq. Ft","1 Main Area 1993 1,179 N/A Details","2 Second Floor 1993 1,431 N/A Details",3 Garage 1993 399 N/A Details,4 Open Porch 1993 20 N/A Details,5 Fireplace 1993 1 N/A Details,6 Covered Patio 2015 344 N/A Details,-,-,-,-
R330833,"1706 CORAL DR, CEDAR PARK, TX  78613",510457,https://search.wcad.org/Property-Detail/PropertyQuickRefID/R330833,2658,"2,658 Sq. Ft","1 Main Area 1994 1,195 N/A Details","2 Second Floor 1994 1,463 N/A Details",3 Garage 1994 420 N/A Details,4 Open Porch 1994 20 N/A Details,5 Fireplace 1994 1 N/A Details,6 Deck - 416 N/A Details,7 Deck - 176 N/A Details,8 Out Bldg - 120 N/A Details,-,-
R330845,"1811 AZALEA DR, CEDAR PARK, TX  78613",203113,https://search.wcad.org/Property-Detail/PropertyQuickRefID/R330845,2624,"2,624 Sq. Ft","1 Main Area 1993 1,408 N/A Details","2 Second Floor 1993 1,216 N/A Details",3 Garage 1993 420 N/A Details,4 Open Porch 1993 28 N/A Details,5 Patio 1993 64 N/A Details,6 Fence Wood 1993 - N/A Details,-,-,-,-
R334426,"1506 AZALEA DR, CEDAR PARK, TX  78613",525518,https://search.wcad.org/Property-Detail/PropertyQuickRefID/R334426,2738,"2,738 Sq. Ft","1 Main Area 1998 1,170 N/A Details","2 Second Floor 1998 1,568 N/A Details",3 Garage 1998 380 N/A Details,4 Screen Porch 2010 214 N/A Details,5 Open Porch 1998 73 N/A Details,6 Fireplace 1998 1 N/A Details,-,-,-,-
R335099,"2203 SHARON DR, CEDAR PARK, TX  78613",547341,https://search.wcad.org/Property-Detail/PropertyQuickRefID/R335099,2626,"2,626 Sq. Ft","1 Main Area 1998 1,131 N/A Details","2 Second Floor 1998 1,495 N/A Details",3 Garage 1998 380 N/A Details,4 Open Porch 1998 16 N/A Details,5 Patio 1998 168 N/A Details,6 Concrete Pool 2007 497 N/A Details,7 Fireplace 1998 1 N/A Details,-,-,-
R335106,"2101 SHARON DR, CEDAR PARK, TX  78613",518700,https://search.wcad.org/Property-Detail/PropertyQuickRefID/R335106,2727,"2,727 Sq. Ft","1 Main Area 1996 1,814 N/A Details",2 Second Floor 1996 913 N/A Details,3 Garage 1996 441 N/A Details,4 Open Porch 1996 37 N/A Details,5 Covered Patio 1996 406 N/A Details,6 Fireplace 1996 1 N/A Details,-,-,-,-
R335138,"1709 TRACY MILLER LN, CEDAR PARK, TX  78613",483832,https://search.wcad.org/Property-Detail/PropertyQuickRefID/R335138,2620,"2,620 Sq. Ft","1 Main Area 1995 1,759 N/A Details",2 Second Floor 1995 861 N/A Details,3 Garage 1995 440 N/A Details,4 Open Porch 1995 37 N/A Details,5 Covered Patio 1995 166 N/A Details,6 Fireplace 1995 1 N/A Details,-,-,-,-
R335143,"1807 TRACY MILLER LN, CEDAR PARK, TX  78613",537404,https://search.wcad.org/Property-Detail/PropertyQuickRefID/R335143,2661,"2,661 Sq. Ft","1 Main Area 1994 2,551 N/A Details",2 Garage 1994 420 N/A Details,3 Open Porch 1994 36 N/A Details,4 Concrete Pool 2007 383 N/A Details,5 Fireplace 1994 1 N/A Details,6 Out Bldg 2008 192 N/A Details,7 Main Area 2021 110 N/A Details,8 Deck - 112 N/A Details,-,-
R335149,"1700 SHARON PL, CEDAR PARK, TX  78613",503649,https://search.wcad.org/Property-Detail/PropertyQuickRefID/R335149,2616,"2,616 Sq. Ft","1 Main Area 1994 2,616 N/A Details",2 Garage 1994 420 N/A Details,3 Open Porch 1994 15 N/A Details,4 Deck 1994 319 N/A Details,5 Out Bldg 1999 120 N/A Details,6 Fireplace 1994 1 N/A Details,-,-,-,-
R335150,"1612 SHARON PLACE, CEDAR PARK, TX  78613",527240,https://search.wcad.org/Property-Detail/PropertyQuickRefID/R335150,2735,"2,735 Sq. Ft","1 Main Area 1994 2,435 N/A Details",2 Main Area 1994 300 N/A Details,3 Garage 1994 420 N/A Details,4 Open Porch 1994 20 N/A Details,5 Covered Patio 1994 140 N/A Details,6 Deck 1994 140 N/A Details,7 Fireplace 1994 1 N/A Details,-,-,-
R335155,"1602 SHARON PL, CEDAR PARK, TX  78613",490534,https://search.wcad.org/Property-Detail/PropertyQuickRefID/R335155,2628,"2,628 Sq. Ft","1 Main Area 1994 2,628 N/A Details",2 Garage 1994 420 N/A Details,3 Open Porch 1994 18 N/A Details,4 Fireplace 1994 1 N/A Details,5 Covered Patio 2021 224 N/A Details,-,-,-,-,-
R340461,"2009 SIMBRAH DR, CEDAR PARK, TX  78613",567102,https://search.wcad.org/Property-Detail/PropertyQuickRefID/R340461,2794,"2,794 Sq. Ft","1 Main Area 1996 1,190 N/A Details","2 Second Floor 1996 1,604 N/A Details",3 Garage 1996 712 N/A Details,4 Open Porch 1996 51 N/A Details,5 Enclosed Porch 2000 376 N/A Details,6 Patio 1996 110 N/A Details,7 Out Bldg 2013 64 N/A Details,8 NonCalcArea -56 N/A Details,9 Patio - 440 N/A Details,-
R341310,"1800 SUMMER RAIN DR, CEDAR PARK, TX  78613",538238,https://search.wcad.org/Property-Detail/PropertyQuickRefID/R341310,2602,"2,602 Sq. Ft","1 Main Area 1995 1,684 N/A Details",2 Second Floor 1995 918 N/A Details,3 Garage 1995 462 N/A Details,4 Patio 1995 90 N/A Details,5 Open Porch 1995 60 N/A Details,6 Concrete Pool 2009 328 N/A Details,7 Out Bldg 2008 - N/A Details,8 Deck 2010 - N/A Details,9 Fireplace 1995 1 N/A Details,-
R341757,"1706 BOW RIDGE DR, CEDAR PARK, TX  78613",557937,https://search.wcad.org/Property-Detail/PropertyQuickRefID/R341757,2665,"2,665 Sq. Ft","1 Main Area 1995 1,676 N/A Details",2 Second Floor 1995 989 N/A Details,3 Garage 1995 441 N/A Details,4 Open Porch 1995 49 N/A Details,5 Patio 1995 90 N/A Details,6 Concrete Pool 2009 399 N/A Details,7 Fireplace 1995 1 N/A Details,-,-,-
R359808,"1722 BARRILLA ST, CEDAR PARK, TX  78613",525694,https://search.wcad.org/Property-Detail/PropertyQuickRefID/R359808,2791,"2,791 Sq. Ft","1 Main Area 1998 1,214 N/A Details","2 Second Floor 1998 1,577 N/A Details",3 Garage 1998 399 N/A Details,4 Open Porch 1998 12 N/A Details,5 Patio 1998 160 N/A Details,6 Out Bldg -81 N/A Details,7 Canopy - 45 N/A Details,-,-,-
R359825,"1433 JENNA LN, CEDAR PARK, TX  78613",518165,https://search.wcad.org/Property-Detail/PropertyQuickRefID/R359825,2734,"2,734 Sq. Ft","1 Main Area 1997 1,380 N/A Details","2 Second Floor 1997 1,354 N/A Details",3 Garage 1997 420 N/A Details,4 Open Porch 1997 44 N/A Details,5 Covered Patio 2002 186 N/A Details,6 Fireplace 1997 1 N/A Details,-,-,-,-
R359860,"2013 AUTUMN FIRE DR, CEDAR PARK, TX  78613",524929,https://search.wcad.org/Property-Detail/PropertyQuickRefID/R359860,2602,"2,602 Sq. Ft","1 Main Area 1996 1,669 N/A Details",2 Second Floor 1996 933 N/A Details,3 Garage 1996 441 N/A Details,4 Open Porch 1996 28 N/A Details,5 Patio 1996 100 N/A Details,6 Concrete Pool 2013 346 N/A Details,7 Fireplace 1996 1 N/A Details,-,-,-
R360106,"2312 ELEANOR WAY, CEDAR PARK, TX  78613",561451,https://search.wcad.org/Property-Detail/PropertyQuickRefID/R360106,2608,"2,608 Sq. Ft","1 Main Area 1996 2,608 N/A Details",2 Garage 1996 420 N/A Details,3 Open Porch 1996 40 N/A Details,4 Patio 1996 110 N/A Details,5 Deck 1996 282 N/A Details,6 Concrete Pool 2007 472 N/A Details,7 Fireplace 1996 1 N/A Details,-,-,-
R372803,"2112 MILAN DR, CEDAR PARK, TX  78613",533334,https://search.wcad.org/Property-Detail/PropertyQuickRefID/R372803,2771,"2,771 Sq. Ft","1 Main Area 2000 1,186 N/A Details","2 Second Floor 2000 1,585 N/A Details",3 Garage 2000 399 N/A Details,4 Open Porch 2000 24 N/A Details,5 Fireplace 2000 1 N/A Details,6 Covered Patio 2019 264 N/A Details,-,-,-,-
R341326,"1607 PAPER MOON DR, CEDAR PARK, TX  78613",531745,https://search.wcad.org/Property-Detail/PropertyQuickRefID/R341326,2714,"2,714 Sq. Ft","1 Main Area 1997 1,357 N/A Details","2 Second Floor 1997 1,357 N/A Details",3 Garage 1997 399 N/A Details,4 Open Porch 1997 107 N/A Details,5 Open Porch 1997 462 N/A Details,6 Fireplace 1997 1 N/A,-,-,-,-
R368168,"1431 JENNA LN, CEDAR PARK, TX  78613",542181,https://search.wcad.org/Property-Detail/PropertyQuickRefID/R368168,2703,"2,703 Sq. Ft","1 Main Area 1999 1,156 N/A Details","2 Second Floor 1999 1,547 N/A Details",3 Garage 1999 599 N/A Details,4 Open Porch 1999 16 N/A Details,5 Patio 1999 220 N/A Details,6 Open Porch - 468 N/A Details,7 Fireplace 1999 1 N/A Details,-,-,-
R378391,"2007 RACHEL RDG, CEDAR PARK, TX  78613",532545,https://search.wcad.org/Property-Detail/PropertyQuickRefID/R378391,2691,"2,691 Sq. Ft","1 Main Area 1999 1,170 N/A Details","2 Second Floor 1999 1,521 N/A Details",3 Garage 1999 399 N/A Details,4 Open Porch 1999 25 N/A Details,5 Open Porch 2008 320 N/A Details,6 Patio 2008 208 N/A Details,7 Fireplace 1999 1 N/A Details,-,-,-
R378394,"2013 RACHEL RIDGE, CEDAR PARK, TX  78613",534238,https://search.wcad.org/Property-Detail/PropertyQuickRefID/R378394,2716,"2,716 Sq. Ft","1 Main Area 1999 1,170 N/A Details","2 Second Floor 1999 1,546 N/A Details",3 Garage 1999 399 N/A Details,4 Open Porch 1999 25 N/A Details,5 Open Porch 2010 208 N/A Details,6 Deck 2010 223 N/A Details,7 Fireplace 1999 1 N/A Details,-,-,-
R335097,"2207 SHARON DR, CEDAR PARK, TX  78613",535596,https://search.wcad.org/Property-Detail/PropertyQuickRefID/R335097,2730,"2,730 Sq. Ft","1 Main Area 1996 1,228 N/A Details","2 Second Floor 1996 1,502 N/A Details",3 Garage 1996 651 N/A Details,4 Open Porch 1996 28 N/A Details,5 Open Porch 2011 268 N/A Details,6 Patio 1996 150 N/A Details,7 Patio 2011 70 N/A Details,8 Fireplace 1996 1 N/A Details,-,-
R335101,"2111 SHARON DR, CEDAR PARK, TX  78613",497769,https://search.wcad.org/Property-Detail/PropertyQuickRefID/R335101,2661,"2,661 Sq. Ft","1 Main Area 1994 1,219 N/A Details","2 Second Floor 1994 1,442 N/A Details",3 Garage 1994 594 N/A Details,4 Open Porch 1994 60 N/A Details,5 Open Porch 1994 25 N/A Details,6 Fireplace 1994 1 N/A Details,-,-,-,-
R335125,"1804 TODD LN, CEDAR PARK, TX  78613",495499,https://search.wcad.org/Property-Detail/PropertyQuickRefID/R335125,2655,"2,655 Sq. Ft","1 Main Area 1995 2,655 N/A Details",2 Garage 1995 420 N/A Details,3 Open Porch 1995 22 N/A Details,4 Open Porch 1995 74 N/A Details,5 Fireplace 1995 1 N/A,-,-,-,-,-
R335163,"1701 SHARON PL, CEDAR PARK, TX  78613",543032,https://search.wcad.org/Property-Detail/PropertyQuickRefID/R335163,2778,"2,778 Sq. Ft","1 Main Area 1994 2,778 N/A Details",2 Garage 1994 420 N/A Details,3 Open Porch 1994 147 N/A Details,4 Open Porch 1994 98 N/A Details,5 Patio 1994 341 N/A Details,6 Fireplace 1994 1 N/A Details,-,-,-,-
R340416,"2207 BENT BOW DR, CEDAR PARK, TX  78613",532972,https://search.wcad.org/Property-Detail/PropertyQuickRefID/R340416,2722,"2,722 Sq. Ft","1 Main Area 1995 1,342 N/A Details","2 Second Floor 1995 1,380 N/A Details",3 Garage 1995 399 N/A Details,4 Open Porch 1995 31 N/A Details,5 Open Porch 1995 48 N/A Details,6 Patio 1995 48 N/A Details,7 Patio 1995 240 N/A Details,8 Fireplace 1995 1 N/A Details,-,-
R340435,"2217 BENT BOW DR, CEDAR PARK, TX  78613",518067,https://search.wcad.org/Property-Detail/PropertyQuickRefID/R340435,2678,"2,678 Sq. Ft","1 Main Area 1998 1,169 $164,838 Details","2 Second Floor 1998 1,509 $212,780 Details","3 Garage 1998 400 $28,201 Details","4 Open Porch 1998 167 $5,922 Details","5 Open Porch 1998 120 $4,230 Details","6 Fireplace 1998 1 $3,096 Details",-,-,-,-
R340462,"2007 SIMBRAH DR, CEDAR PARK, TX  78613",499413,https://search.wcad.org/Property-Detail/PropertyQuickRefID/R340462,2618,"2,618 Sq. Ft","1 Main Area 1995 2,618 N/A Details",2 Garage 1995 420 N/A Details,3 Open Porch 1995 18 N/A Details,4 Open Porch 2008 320 N/A Details,5 Fireplace 1995 1 N/A Details,-,-,-,-,-
R341294,"1720 STAR LIGHT CIR, CEDAR PARK, TX  78613",538820,https://search.wcad.org/Property-Detail/PropertyQuickRefID/R341294,2796,"2,796 Sq. Ft","1 Main Area 1997 1,638 N/A Details","2 Second Floor 1997 1,158 N/A Details",3 Garage 1997 696 N/A Details,4 Open Porch 1997 35 N/A Details,5 Open Porch 1997 120 N/A Details,6 Fireplace 1997 1 N/A,-,-,-,-
R359800,"1303 CHALK LN, CEDAR PARK, TX  78613",591119,https://search.wcad.org/Property-Detail/PropertyQuickRefID/R359800,2653,"2,653 Sq. Ft","1 Main Area 1999 1,127 N/A Details","2 Second Floor 1999 1,526 N/A Details",3 Garage 1999 399 N/A Details,4 Open Porch 1999 20 N/A Details,5 Open Porch 1999 48 N/A Details,6 Fireplace 1999 1 N/A Details,7 Deck 2007 256 N/A Details,8 Patio 2007 216 N/A Details,-,-
R360113,"2208 ELEANOR WAY, CEDAR PARK, TX  78613",529413,https://search.wcad.org/Property-Detail/PropertyQuickRefID/R360113,2789,"2,789 Sq. Ft","1 Main Area 1996 1,384 N/A Details","2 Second Floor 1996 1,405 N/A Details",3 Garage 1996 418 N/A Details,4 Open Porch 1996 25 N/A Details,5 Open Porch 1996 60 N/A Details,6 Fireplace 1996 1 N/A Details,-,-,-,-
R360132,"1803 CLAY LN, CEDAR PARK, TX  78613",523269,https://search.wcad.org/Property-Detail/PropertyQuickRefID/R360132,2740,"2,740 Sq. Ft","1 Main Area 1998 1,225 N/A Details","2 Second Floor 1998 1,515 N/A Details",3 Garage 1998 578 N/A Details,4 Open Porch 1998 30 N/A Details,5 Open Porch 1998 60 N/A Details,6 Fireplace 1998 1 N/A Details,-,-,-,-
R364127,"2310 SANDRA DR, CEDAR PARK, TX  78613",538729,https://search.wcad.org/Property-Detail/PropertyQuickRefID/R364127,2740,"2,740 Sq. Ft","1 Main Area 1999 1,160 N/A Details","2 Second Floor 1999 1,580 N/A Details",3 Garage 1999 420 N/A Details,4 Open Porch 1999 16 N/A Details,5 Open Porch 1999 130 N/A Details,6 Patio 1999 80 N/A Details,7 Deck 1999 130 N/A Details,8 Fireplace 1999 1 N/A Details,-,-
R368166,"1208 DEL ROY DR, CEDAR PARK, TX  78613",539585,https://search.wcad.org/Property-Detail/PropertyQuickRefID/R368166,2762,"2,762 Sq. Ft","1 Main Area 1999 1,186 N/A Details","2 Second Floor 1999 1,576 N/A Details",3 Garage 1999 606 N/A Details,4 Open Porch 1999 18 N/A Details,5 Open Porch 1999 220 N/A Details,6 Fireplace 1999 1 N/A Details,-,-,-,-
R378385,"1008 DEL ROY DR, CEDAR PARK, TX  78613",500773,https://search.wcad.org/Property-Detail/PropertyQuickRefID/R378385,2607,"2,607 Sq. Ft","1 Main Area 1999 1,151 N/A Details","2 Second Floor 1999 1,456 N/A Details",3 Garage 1999 360 N/A Details,4 Open Porch 1999 82 N/A Details,5 Open Porch 2016 252 N/A Details,6 Fireplace 1999 1 N/A,-,-,-,-
R378423,"2108 JASPER LN, CEDAR PARK, TX  78613",520450,https://search.wcad.org/Property-Detail/PropertyQuickRefID/R378423,2757,"2,757 Sq. Ft","1 Main Area 2000 1,179 N/A Details","2 Second Floor 2000 1,578 N/A Details",3 Garage 2000 399 N/A Details,4 Open Porch 2000 16 N/A Details,5 Open Porch 2000 194 N/A Details,-,-,-,-,-
R391828,"1102 DEL ROY DR, CEDAR PARK, TX  78613",522668,https://search.wcad.org/Property-Detail/PropertyQuickRefID/R391828,2769,"2,769 Sq. Ft","1 Main Area 2000 1,173 N/A Details","2 Second Floor 2000 1,596 N/A Details",3 Garage 2000 399 N/A Details,4 Open Porch 2000 24 N/A Details,5 Open Porch 2000 140 N/A Details,-,-,-,-,-
R330806,"1702 EDELWEISS DR, CEDAR PARK, TX  78613",572715,https://search.wcad.org/Property-Detail/PropertyQuickRefID/R330806,2709,"2,709 Sq. Ft","1 Main Area 1993 1,163 N/A Details","2 Second Floor 1993 1,546 N/A Details",3 Open Porch 1993 32 N/A Details,4 Garage 1993 399 N/A Details,5 Open Porch 2003 294 N/A Details,6 Concrete Pool 1999 384 N/A Details,7 Fireplace 1993 1 N/A Details,8 OK - Outdoor Kitchen 2003 1 N/A Details,-,-
R359743,"1701 DEL NORTE CV, CEDAR PARK, TX  78613",561253,https://search.wcad.org/Property-Detail/PropertyQuickRefID/R359743,2684,"2,684 Sq. Ft","1 Main Area 1996 1,792 N/A Details",2 Second Floor 1996 892 N/A Details,3 Garage 1996 420 N/A Details,4 Open Porch 1996 50 N/A Details,5 Open Porch 1996 100 N/A Details,6 Concrete Pool 2008 538 N/A Details,7 Out Bldg 2008 160 N/A Details,8 Fireplace 1996 1 N/A Details,-,-
R304451,"1701 LION HEART DR, CEDAR PARK, TX  78613",503574,https://search.wcad.org/Property-Detail/PropertyQuickRefID/R304451,2727,"2,727 Sq. Ft","1 Main Area 1991 1,341 N/A Details","2 Second Floor 1991 1,386 N/A Details",3 Garage 1991 351 N/A Details,4 Open Porch 1991 20 N/A Details,5 Open Porch 2000 300 N/A Details,6 Out Bldg 1993 - N/A Details,7 Fireplace 1991 1 N/A Details,-,-,-
R311008,"2104 HEATHER DR, CEDAR PARK, TX  78613",490951,https://search.wcad.org/Property-Detail/PropertyQuickRefID/R311008,2622,"2,622 Sq. Ft","1 Main Area 1991 1,085 N/A Details","2 Second Floor 1991 1,225 N/A Details",3 Garage 1991 400 N/A Details,4 Open Porch 1991 20 N/A Details,5 Open Porch 2009 561 N/A Details,6 Out Bldg 2009 - N/A Details,7 Main Area 2009 312 N/A Details,8 Fireplace 1991 1 N/A Details,-,-
R330855,"2212 HEATHER DR, CEDAR PARK, TX  78613",530940,https://search.wcad.org/Property-Detail/PropertyQuickRefID/R330855,2770,"2,770 Sq. Ft","1 Main Area 1993 1,232 N/A Details","2 Second Floor 1993 1,538 N/A Details",3 Garage 1993 441 N/A Details,4 Open Porch 1993 33 N/A Details,5 Open Porch 1993 240 N/A Details,6 Patio 2011 - N/A Details,7 Out Bldg 2011 - N/A Details,8 Fireplace 1993 1 N/A Details,-,-
R334410,"1808 AZALEA DR, CEDAR PARK, TX  78613",579701,https://search.wcad.org/Property-Detail/PropertyQuickRefID/R334410,2786,"2,786 Sq. Ft","1 Main Area 1994 1,222 N/A Details","2 Second Floor 1994 1,564 N/A Details",3 Garage 1994 462 N/A Details,4 Open Porch 1994 28 N/A Details,5 Open Porch 1994 45 N/A Details,6 Patio 1994 18 N/A Details,7 Concrete Pool 2009 459 N/A Details,8 Fireplace 1994 1 N/A Details,-,-
R335126,"1802 TODD LN, CEDAR PARK, TX  78613",519819,https://search.wcad.org/Property-Detail/PropertyQuickRefID/R335126,2624,"2,624 Sq. Ft","1 Main Area 1996 1,170 N/A Details","2 Second Floor 1996 1,454 N/A Details",3 Garage 1996 596 N/A Details,4 Open Porch 1996 60 N/A Details,5 Open Porch 1996 38 N/A Details,6 NonCalcArea - '- N/A Details,7 Fireplace 1996 1 N/A Details,-,-,-
R335161,"1609 SHARON PL, CEDAR PARK, TX  78613",608288,https://search.wcad.org/Property-Detail/PropertyQuickRefID/R335161,2780,"2,780 Sq. Ft","1 Main Area 1994 1,394 N/A Details","2 Second Floor 1994 1,386 N/A Details",3 Garage 1994 399 N/A Details,4 Open Porch 1994 24 N/A Details,5 Patio 1994 134 N/A Details,6 Deck - 537 N/A Details,7 Out Bldg 1999 120 N/A Details,8 Concrete Pool 2003 399 N/A Details,9 Fireplace 1994 1 N/A Details,10 Open Porch 2021 268 N/A Details
R335165,"1705 SHARON PLACE, CEDAR PARK, TX  78613",574166,https://search.wcad.org/Property-Detail/PropertyQuickRefID/R335165,2780,"2,780 Sq. Ft","1 Main Area 1994 1,394 N/A Details","2 Second Floor 1994 1,386 N/A Details",3 Garage 1994 399 N/A Details,4 Open Porch 1994 24 N/A Details,5 Open Porch 1994 339 N/A Details,6 Concrete Pool 2006 349 N/A Details,7 Fireplace 1994 1 N/A Details,-,-,-
R368171,"1425 JENNA LN, CEDAR PARK, TX  78613",610239,https://search.wcad.org/Property-Detail/PropertyQuickRefID/R368171,2736,"2,736 Sq. Ft","1 Main Area 1999 1,374 N/A Details","2 Second Floor 1999 1,362 N/A Details",3 Garage 1999 415 N/A Details,4 Open Porch 1999 65 N/A Details,5 Concrete Pool 2010 620 N/A Details,6 Open Porch 2010 378 N/A Details,7 Fireplace 1999 1 N/A Details,-,-,-
R368182,"2105 MACON DR, CEDAR PARK, TX  78613",540246,https://search.wcad.org/Property-Detail/PropertyQuickRefID/R368182,2744,"2,744 Sq. Ft","1 Main Area 1997 1,159 N/A Details","2 Second Floor 1997 1,585 N/A Details",3 Garage 1997 399 N/A Details,4 Open Porch 1997 27 N/A Details,5 Fireplace 1997 1 N/A Details,6 Open Porch 2013 360 N/A Details,7 Covered Patio 1997 100 N/A Details,-,-,-